merchant_id,gender,business_size_idx,daily_thrift_freq,cash_out_freq,avg_txn_value,account_age_months,repaid
MERCH_10000,F,1,1,0.91,7011.39,32,0
MERCH_10001,M,0,8,5.35,751.28,25,1
MERCH_10002,M,2,3,2.84,14797.74,27,1
MERCH_10003,F,1,1,0.64,23036.96,23,0
MERCH_10004,F,0,2,1.33,2045.54,2,1
MERCH_10005,F,2,4,3.08,3238.79,4,1
MERCH_10006,F,1,0,0.0,9563.93,25,0
MERCH_10007,M,0,5,4.48,1209.15,23,1
MERCH_10008,F,1,4,3.36,2676.5,23,0
MERCH_10009,M,0,6,5.28,728.79,33,1
MERCH_10010,F,1,1,0.74,17521.52,28,0
MERCH_10011,M,1,3,2.66,7211.36,8,0
MERCH_10012,M,2,1,0.77,10212.07,33,1
MERCH_10013,F,1,4,2.73,10198.94,29,1
MERCH_10014,F,0,5,4.56,2475.3,15,1
MERCH_10015,F,1,3,1.93,9914.39,15,1
MERCH_10016,F,0,5,3.38,2522.35,19,1
MERCH_10017,F,1,3,1.48,5224.97,21,0
MERCH_10018,F,1,1,0.92,1970.38,35,1
MERCH_10019,F,0,3,1.56,6241.02,26,0
MERCH_10020,F,0,2,1.02,1043.11,28,0
MERCH_10021,F,2,3,1.37,8921.74,22,0
MERCH_10022,F,2,1,0.65,3413.86,16,1
MERCH_10023,F,0,3,1.65,1657.85,12,1
MERCH_10024,F,0,5,4.04,4276.65,28,1
MERCH_10025,M,0,7,3.98,625.45,7,1
MERCH_10026,F,2,0,0.0,2741.67,33,1
MERCH_10027,F,0,4,2.03,3447.69,24,1
MERCH_10028,F,1,4,2.11,3307.76,11,1
MERCH_10029,F,0,7,5.9,1206.29,15,1
MERCH_10030,F,1,2,1.21,2575.45,19,0
MERCH_10031,F,0,2,0.92,1129.31,15,1
MERCH_10032,F,1,2,1.86,8777.15,9,1
MERCH_10033,M,0,5,2.49,2914.84,13,1
MERCH_10034,M,1,2,0.97,7318.73,29,0
MERCH_10035,M,0,0,0.0,3066.77,26,0
MERCH_10036,F,1,0,0.0,15372.89,23,0
MERCH_10037,F,2,1,0.49,2756.2,17,0
MERCH_10038,M,0,4,3.46,3718.17,5,1
MERCH_10039,F,2,0,0.0,9257.4,16,0
MERCH_10040,F,1,0,0.0,1737.01,30,1
MERCH_10041,F,0,3,2.65,2619.26,21,1
MERCH_10042,F,0,6,3.86,7426.34,5,1
MERCH_10043,M,0,3,1.46,2403.2,26,1
MERCH_10044,F,1,3,2.16,7890.37,30,0
MERCH_10045,M,1,2,0.85,1497.11,22,0
MERCH_10046,F,0,4,2.54,1136.21,2,1
MERCH_10047,F,1,3,2.17,5220.73,12,1
MERCH_10048,F,1,2,1.85,20551.71,27,0
MERCH_10049,F,2,3,1.74,3853.35,26,1
MERCH_10050,M,1,1,0.82,4636.17,25,0
MERCH_10051,M,2,2,0.95,3751.61,19,1
MERCH_10052,M,1,1,0.64,3449.46,27,0
MERCH_10053,M,0,2,1.05,1860.68,17,1
MERCH_10054,F,1,3,2.01,9773.01,6,0
MERCH_10055,M,0,8,5.04,2414.57,23,1
MERCH_10056,F,0,2,1.88,915.57,18,1
MERCH_10057,F,0,4,3.62,7871.85,2,1
MERCH_10058,F,1,0,0.0,11018.67,19,0
MERCH_10059,F,1,1,0.5,20089.27,4,0
MERCH_10060,F,0,3,2.12,2416.96,33,1
MERCH_10061,F,0,6,5.01,2018.51,34,1
MERCH_10062,M,0,3,1.26,3485.22,32,1
MERCH_10063,F,1,0,0.0,20586.98,18,0
MERCH_10064,F,0,1,0.42,9641.33,9,0
MERCH_10065,F,1,2,1.07,5453.39,3,0
MERCH_10066,F,0,7,3.15,5021.73,18,1
MERCH_10067,M,0,6,5.57,4593.35,25,1
MERCH_10068,F,0,1,0.49,2949.99,2,0
MERCH_10069,M,0,3,1.45,15113.36,1,0
MERCH_10070,M,2,3,2.8,6248.2,24,1
MERCH_10071,F,0,6,4.1,1869.44,24,1
MERCH_10072,F,0,5,4.08,4072.99,4,1
MERCH_10073,M,0,0,0.0,1200.39,35,1
MERCH_10074,M,0,6,4.16,4513.94,35,1
MERCH_10075,M,0,4,1.62,1684.53,12,1
MERCH_10076,M,0,6,3.75,1085.93,23,1
MERCH_10077,F,1,3,2.12,10209.73,22,1
MERCH_10078,F,1,2,1.37,6432.3,26,1
MERCH_10079,F,0,2,1.25,6601.56,4,0
MERCH_10080,M,0,5,4.17,2116.4,7,1
MERCH_10081,F,2,2,1.35,6551.05,23,1
MERCH_10082,F,0,7,5.25,7046.9,31,1
MERCH_10083,F,0,3,1.5,4070.08,7,1
MERCH_10084,F,0,6,5.24,3150.58,22,1
MERCH_10085,F,0,2,1.2,1710.06,19,1
MERCH_10086,M,1,2,1.33,1894.29,30,1
MERCH_10087,F,0,5,2.97,3194.53,26,1
MERCH_10088,M,1,2,1.78,2181.43,22,1
MERCH_10089,F,0,3,2.69,1652.31,9,1
MERCH_10090,F,0,4,2.09,1025.49,29,1
MERCH_10091,M,1,1,0.81,1892.8,32,0
MERCH_10092,M,0,3,1.37,3843.4,18,1
MERCH_10093,F,1,3,1.25,6646.7,31,0
MERCH_10094,M,0,4,3.44,565.17,32,0
MERCH_10095,F,1,3,1.42,4997.58,9,1
MERCH_10096,F,0,7,3.4,3963.68,30,1
MERCH_10097,F,2,1,0.73,233.89,32,0
MERCH_10098,F,0,5,4.25,2713.11,8,1
MERCH_10099,F,2,0,0.0,499.41,24,1
MERCH_10100,F,0,7,3.24,1884.26,4,0
MERCH_10101,F,1,0,0.0,9087.1,17,0
MERCH_10102,F,0,5,2.07,4217.07,21,1
MERCH_10103,F,2,0,0.0,12950.39,9,0
MERCH_10104,M,0,6,5.51,4489.03,5,1
MERCH_10105,F,0,4,1.81,3440.92,5,1
MERCH_10106,F,0,4,2.91,6637.5,30,1
MERCH_10107,M,0,4,3.63,3561.58,6,1
MERCH_10108,F,0,0,0.0,954.7,8,0
MERCH_10109,F,2,3,1.25,4051.34,33,1
MERCH_10110,F,2,2,1.46,2756.66,15,1
MERCH_10111,F,0,3,2.69,2195.06,9,1
MERCH_10112,M,2,2,1.15,5413.84,3,0
MERCH_10113,M,1,1,0.57,2706.34,31,1
MERCH_10114,F,0,4,2.15,1992.45,7,1
MERCH_10115,M,1,0,0.0,7745.28,16,0
MERCH_10116,M,1,3,1.59,6156.83,28,1
MERCH_10117,F,2,1,0.8,22562.47,35,0
MERCH_10118,M,0,4,3.02,308.06,15,0
MERCH_10119,F,1,0,0.0,5597.1,7,0
MERCH_10120,M,0,3,2.39,3951.34,35,1
MERCH_10121,M,0,3,1.36,2480.0,31,1
MERCH_10122,F,0,4,3.25,2100.18,8,1
MERCH_10123,F,2,0,0.0,2264.93,16,0
MERCH_10124,F,1,0,0.0,15299.5,34,1
MERCH_10125,F,1,6,2.61,2156.15,1,1
MERCH_10126,M,1,1,0.74,9992.1,19,0
MERCH_10127,M,0,6,4.03,2567.33,14,1
MERCH_10128,F,0,5,3.34,5842.94,19,0
MERCH_10129,F,0,3,1.73,1220.76,23,1
MERCH_10130,F,0,3,1.21,2779.57,4,1
MERCH_10131,F,1,1,0.63,3972.84,34,1
MERCH_10132,F,1,0,0.0,9196.91,2,0
MERCH_10133,F,0,3,1.9,1636.29,12,1
MERCH_10134,M,0,2,1.47,3145.12,23,0
MERCH_10135,F,0,4,2.26,2556.1,18,1
MERCH_10136,F,0,3,1.64,1144.24,32,1
MERCH_10137,M,2,1,0.67,3429.71,17,1
MERCH_10138,F,1,4,2.9,6143.42,31,1
MERCH_10139,M,1,0,0.0,19338.51,26,0
MERCH_10140,M,0,7,6.19,3486.87,12,1
MERCH_10141,F,0,7,5.76,1584.51,35,1
MERCH_10142,F,0,4,1.71,4773.58,16,1
MERCH_10143,F,2,0,0.0,9397.11,4,0
MERCH_10144,F,1,2,1.26,12317.22,28,0
MERCH_10145,F,0,5,2.99,1900.13,33,1
MERCH_10146,F,1,2,1.85,11581.14,10,1
MERCH_10147,F,0,7,4.56,3698.63,31,1
MERCH_10148,F,1,0,0.0,7515.52,14,0
MERCH_10149,F,2,0,0.0,4030.6,5,1
MERCH_10150,M,1,3,1.45,9136.06,10,0
MERCH_10151,F,1,1,0.43,10231.89,25,0
MERCH_10152,F,0,8,4.58,296.28,17,1
MERCH_10153,F,0,1,0.42,3212.53,20,1
MERCH_10154,M,0,3,1.39,4945.64,33,1
MERCH_10155,F,0,2,1.89,4229.66,9,0
MERCH_10156,M,1,3,2.78,3599.69,31,1
MERCH_10157,M,1,1,0.78,6410.07,5,0
MERCH_10158,F,0,5,4.07,605.13,29,0
MERCH_10159,M,1,0,0.0,10374.0,4,0
MERCH_10160,F,0,6,4.36,1896.04,31,1
MERCH_10161,F,0,6,2.91,6114.82,4,1
MERCH_10162,F,0,4,2.43,3407.93,18,0
MERCH_10163,F,0,3,1.77,1179.0,18,0
MERCH_10164,F,0,1,0.74,2986.85,34,1
MERCH_10165,M,0,6,2.66,952.18,14,1
MERCH_10166,F,0,4,1.83,1271.48,26,1
MERCH_10167,F,2,0,0.0,11398.59,23,1
MERCH_10168,F,0,2,1.5,777.01,33,1
MERCH_10169,F,0,5,2.93,4597.34,17,1
MERCH_10170,M,0,6,2.88,1964.84,32,1
MERCH_10171,F,1,1,0.89,5228.72,35,0
MERCH_10172,F,0,7,3.0,3077.14,30,0
MERCH_10173,F,1,2,1.59,1493.19,15,1
MERCH_10174,F,1,1,0.48,4923.5,7,0
MERCH_10175,F,1,2,1.5,4669.55,6,0
MERCH_10176,M,1,1,0.77,4802.5,9,1
MERCH_10177,F,0,4,3.37,6804.48,13,1
MERCH_10178,M,0,3,1.85,5292.58,18,0
MERCH_10179,F,0,3,1.24,2531.01,35,1
MERCH_10180,F,1,1,0.85,18284.65,1,1
MERCH_10181,F,0,8,5.15,984.72,24,1
MERCH_10182,M,0,3,2.6,1230.13,16,1
MERCH_10183,M,2,1,0.83,3403.91,18,1
MERCH_10184,F,0,6,4.04,5857.35,3,1
MERCH_10185,M,1,2,1.9,10945.36,8,0
MERCH_10186,M,1,1,0.65,7415.38,18,0
MERCH_10187,F,0,1,0.78,1155.87,29,1
MERCH_10188,F,0,2,1.54,2045.13,27,0
MERCH_10189,F,0,5,3.42,2245.66,29,1
MERCH_10190,F,1,0,0.0,6283.37,4,1
MERCH_10191,M,1,2,1.68,13567.52,12,0
MERCH_10192,M,1,4,2.86,16169.76,13,0
MERCH_10193,F,2,2,1.3,3304.32,14,0
MERCH_10194,F,1,1,0.76,9515.94,14,1
MERCH_10195,F,0,5,2.1,4973.58,10,1
MERCH_10196,M,0,4,1.84,672.35,22,1
MERCH_10197,M,1,1,0.47,2915.56,9,0
MERCH_10198,M,0,4,2.54,1084.68,24,1
MERCH_10199,M,0,9,7.92,1824.44,17,1
MERCH_10200,F,1,1,0.75,6881.46,24,1
MERCH_10201,F,0,5,4.67,1337.73,5,1
MERCH_10202,F,2,2,0.84,6068.69,34,1
MERCH_10203,M,1,0,0.0,13577.89,1,0
MERCH_10204,F,0,0,0.0,4932.37,27,1
MERCH_10205,F,2,0,0.0,12448.14,8,0
MERCH_10206,F,0,5,4.27,1258.38,6,1
MERCH_10207,M,0,4,1.96,3370.68,5,0
MERCH_10208,F,0,1,0.52,1894.83,18,1
MERCH_10209,F,0,2,1.17,721.28,7,1
MERCH_10210,F,0,5,4.17,1362.56,33,1
MERCH_10211,M,0,4,2.97,3700.67,34,1
MERCH_10212,M,0,5,2.73,3572.24,32,0
MERCH_10213,F,0,5,2.46,333.94,3,1
MERCH_10214,M,1,2,0.92,6476.8,1,0
MERCH_10215,F,1,1,0.48,7540.81,21,0
MERCH_10216,F,0,6,5.26,2251.69,13,0
MERCH_10217,M,0,6,5.44,8333.91,8,1
MERCH_10218,F,0,6,5.59,1170.08,30,1
MERCH_10219,M,0,4,3.44,2686.38,8,0
MERCH_10220,M,1,1,0.89,14868.55,27,1
MERCH_10221,F,1,4,3.4,2665.06,23,0
MERCH_10222,F,0,6,5.56,2274.72,8,1
MERCH_10223,F,0,2,1.73,4533.97,15,0
MERCH_10224,F,0,10,6.54,1852.8,7,1
MERCH_10225,F,1,2,1.16,8225.5,12,1
MERCH_10226,M,0,4,2.89,1573.18,30,1
MERCH_10227,F,2,3,2.2,8821.09,10,1
MERCH_10228,M,1,2,1.43,6680.5,19,0
MERCH_10229,F,0,7,5.52,1323.96,18,1
MERCH_10230,M,1,0,0.0,4591.26,20,0
MERCH_10231,F,2,1,0.45,5067.79,2,0
MERCH_10232,F,1,2,1.11,12214.11,30,1
MERCH_10233,F,0,4,3.56,2838.14,11,1
MERCH_10234,F,0,5,3.62,3309.77,22,1
MERCH_10235,M,1,4,2.32,5374.35,19,1
MERCH_10236,F,1,1,0.87,851.0,3,1
MERCH_10237,F,1,0,0.0,8680.12,4,1
MERCH_10238,F,2,1,0.63,9286.07,35,0
MERCH_10239,F,2,0,0.0,3947.28,9,0
MERCH_10240,M,2,1,0.88,4614.95,8,0
MERCH_10241,M,0,6,4.8,152.7,34,1
MERCH_10242,M,1,2,1.31,4634.16,31,1
MERCH_10243,F,1,0,0.0,6770.68,19,1
MERCH_10244,F,1,1,0.91,4985.39,32,0
MERCH_10245,M,1,1,0.79,4123.93,28,1
MERCH_10246,F,0,5,4.45,1899.59,18,1
MERCH_10247,M,1,1,0.8,6318.07,25,0
MERCH_10248,M,1,2,1.49,9731.2,10,0
MERCH_10249,M,0,5,3.16,2496.93,5,0
MERCH_10250,F,0,2,1.1,911.08,15,1
MERCH_10251,F,0,2,0.87,1893.59,25,1
MERCH_10252,M,0,5,4.2,565.21,20,0
MERCH_10253,F,0,7,3.27,3093.18,10,1
MERCH_10254,F,0,6,3.75,4430.26,28,1
MERCH_10255,F,1,0,0.0,7570.64,6,0
MERCH_10256,M,1,1,0.65,7012.23,11,1
MERCH_10257,M,1,1,0.57,19198.31,19,0
MERCH_10258,F,1,1,0.86,15069.22,16,0
MERCH_10259,F,0,1,0.94,3535.88,32,0
MERCH_10260,F,0,9,8.26,1957.79,2,1
MERCH_10261,M,2,1,0.74,2004.75,26,0
MERCH_10262,F,0,7,6.57,4581.91,21,1
MERCH_10263,F,2,1,0.62,10771.46,15,1
MERCH_10264,M,1,0,0.0,25499.13,13,0
MERCH_10265,M,1,3,1.62,12321.56,7,1
MERCH_10266,M,2,2,1.79,3441.97,3,0
MERCH_10267,M,0,7,3.49,2437.15,15,1
MERCH_10268,F,0,8,5.89,2485.97,20,1
MERCH_10269,F,1,2,1.68,3959.32,3,1
MERCH_10270,M,0,0,0.0,4502.06,27,1
MERCH_10271,M,2,3,1.33,10292.36,15,0
MERCH_10272,M,0,2,1.47,2367.91,3,1
MERCH_10273,M,1,0,0.0,9310.73,28,0
MERCH_10274,F,1,2,1.01,10318.29,1,0
MERCH_10275,F,1,0,0.0,37794.77,20,0
MERCH_10276,M,0,3,2.65,1546.04,11,1
MERCH_10277,F,0,7,6.6,1037.03,25,1
MERCH_10278,M,1,1,0.63,1605.32,4,1
MERCH_10279,M,0,3,1.24,1102.25,19,1
MERCH_10280,M,1,3,1.89,1445.11,28,1
MERCH_10281,F,1,1,0.76,20190.71,10,0
MERCH_10282,F,1,0,0.0,10815.68,21,0
MERCH_10283,F,1,1,0.92,11914.01,16,1
MERCH_10284,F,0,1,0.9,5593.99,33,1
MERCH_10285,F,1,2,1.52,10176.93,13,1
MERCH_10286,F,2,1,0.78,20805.72,29,0
MERCH_10287,F,0,5,2.01,5925.84,4,1
MERCH_10288,F,2,1,0.6,11675.2,27,0
MERCH_10289,F,0,3,2.7,7870.69,8,0
MERCH_10290,F,0,6,4.68,4377.03,8,1
MERCH_10291,F,0,1,0.66,2673.42,25,0
MERCH_10292,M,2,1,0.46,15177.71,26,1
MERCH_10293,F,0,1,0.54,2583.57,1,0
MERCH_10294,F,2,0,0.0,8981.53,33,1
MERCH_10295,F,2,1,0.89,6674.18,19,1
MERCH_10296,M,0,4,1.81,3138.66,20,1
MERCH_10297,F,0,2,0.97,3904.82,18,0
MERCH_10298,F,1,3,2.28,2124.98,26,1
MERCH_10299,F,0,6,3.37,3818.17,9,1
MERCH_10300,F,1,1,0.49,12222.18,27,1
MERCH_10301,F,0,1,0.5,1857.89,6,0
MERCH_10302,F,0,7,4.7,2328.45,20,1
MERCH_10303,F,1,1,0.72,6779.62,1,0
MERCH_10304,M,0,6,5.38,4533.75,16,1
MERCH_10305,M,0,0,0.0,4470.04,4,0
MERCH_10306,F,0,7,5.46,3147.26,3,1
MERCH_10307,F,0,5,2.5,10062.69,22,1
MERCH_10308,M,1,1,0.79,2494.72,9,0
MERCH_10309,F,1,3,2.27,4171.75,8,1
MERCH_10310,F,0,7,3.63,3584.5,7,0
MERCH_10311,F,1,1,0.77,2163.7,12,1
MERCH_10312,F,1,2,1.03,18921.89,1,0
MERCH_10313,M,0,7,5.09,2044.06,12,1
MERCH_10314,M,0,5,3.84,6698.95,16,1
MERCH_10315,M,2,3,2.34,12205.83,14,0
MERCH_10316,F,1,1,0.9,16033.25,30,0
MERCH_10317,F,1,1,0.92,7147.62,19,0
MERCH_10318,F,1,0,0.0,15960.74,19,0
MERCH_10319,F,0,1,0.88,6336.12,13,0
MERCH_10320,F,1,1,0.41,6179.97,10,1
MERCH_10321,M,1,2,1.2,9439.46,29,1
MERCH_10322,M,1,2,0.84,9498.45,28,0
MERCH_10323,F,0,5,2.62,1593.09,13,1
MERCH_10324,M,0,7,4.27,2995.7,15,1
MERCH_10325,M,0,2,1.75,2830.9,17,1
MERCH_10326,F,2,4,2.73,14219.75,23,0
MERCH_10327,F,0,2,1.51,2965.89,10,0
MERCH_10328,F,0,1,0.6,5133.55,14,1
MERCH_10329,F,0,5,3.66,8025.72,32,1
MERCH_10330,F,0,6,5.09,2102.28,34,1
MERCH_10331,M,1,3,1.7,9001.93,31,1
MERCH_10332,F,1,1,0.91,5431.37,32,0
MERCH_10333,F,1,2,1.03,4460.87,16,1
MERCH_10334,F,0,5,4.53,2339.44,26,1
MERCH_10335,F,1,3,1.25,21436.71,17,0
MERCH_10336,M,0,4,2.79,4171.44,22,1
MERCH_10337,M,0,6,5.65,4313.21,35,1
MERCH_10338,F,0,3,2.21,3901.58,23,1
MERCH_10339,F,0,5,3.53,1574.37,25,1
MERCH_10340,F,0,6,4.65,1432.55,5,1
MERCH_10341,F,1,1,0.56,4856.95,6,1
MERCH_10342,F,1,3,1.29,813.18,26,0
MERCH_10343,F,1,1,0.54,13183.0,6,0
MERCH_10344,F,0,3,1.49,5765.47,19,1
MERCH_10345,F,0,5,4.54,6080.3,19,1
MERCH_10346,F,0,7,6.08,2057.64,31,1
MERCH_10347,F,2,0,0.0,11188.58,23,0
MERCH_10348,F,1,2,1.72,10968.0,12,0
MERCH_10349,F,1,2,1.03,6136.76,13,0
MERCH_10350,F,0,2,1.02,2288.3,22,0
MERCH_10351,M,1,1,0.82,6382.2,3,0
MERCH_10352,M,0,2,1.16,5275.91,12,1
MERCH_10353,F,1,2,0.87,1885.73,31,1
MERCH_10354,F,2,0,0.0,532.57,13,0
MERCH_10355,F,2,3,2.83,13783.53,23,1
MERCH_10356,F,1,1,0.71,10683.47,13,1
MERCH_10357,F,0,4,2.18,3054.87,6,0
MERCH_10358,M,2,1,0.61,29373.52,3,0
MERCH_10359,F,1,0,0.0,10813.82,7,0
MERCH_10360,F,0,7,5.5,2710.46,10,1
MERCH_10361,F,0,7,6.21,5276.3,31,1
MERCH_10362,F,0,4,3.6,1512.18,4,0
MERCH_10363,F,0,9,7.86,3428.03,6,1
MERCH_10364,M,0,6,4.54,2592.73,18,1
MERCH_10365,F,1,1,0.65,14547.26,7,0
MERCH_10366,M,0,2,1.55,380.11,34,1
MERCH_10367,M,0,4,3.07,5103.69,23,1
MERCH_10368,F,1,3,1.56,1133.67,8,1
MERCH_10369,F,1,2,1.36,19834.03,24,0
MERCH_10370,F,1,1,0.51,6475.08,28,0
MERCH_10371,F,0,4,3.58,1995.95,3,0
MERCH_10372,F,2,0,0.0,8452.41,13,1
MERCH_10373,M,2,4,3.37,7469.4,33,1
MERCH_10374,F,0,6,3.64,2518.81,16,1
MERCH_10375,F,0,4,3.28,7821.44,11,1
MERCH_10376,M,1,3,1.56,13358.72,29,1
MERCH_10377,F,1,2,1.64,2697.08,25,1
MERCH_10378,M,2,1,0.5,4456.0,17,1
MERCH_10379,F,2,0,0.0,6954.65,6,0
MERCH_10380,F,1,0,0.0,15745.11,14,1
MERCH_10381,M,1,3,2.07,3926.48,19,0
MERCH_10382,F,0,5,4.26,1787.63,12,1
MERCH_10383,M,0,5,4.08,2768.93,19,0
MERCH_10384,M,0,4,1.71,688.6,21,1
MERCH_10385,M,1,2,1.34,2254.93,29,0
MERCH_10386,F,1,0,0.0,5483.93,28,1
MERCH_10387,F,1,2,1.52,18157.59,17,1
MERCH_10388,M,0,3,1.3,835.95,2,0
MERCH_10389,M,1,3,1.74,2110.7,6,1
MERCH_10390,M,0,3,2.12,4360.38,25,0
MERCH_10391,F,0,5,2.47,5327.5,19,1
MERCH_10392,F,1,2,1.55,6516.53,6,0
MERCH_10393,M,1,2,1.5,9213.52,1,0
MERCH_10394,F,2,1,0.51,3353.77,34,0
MERCH_10395,M,0,2,1.41,3600.63,21,0
MERCH_10396,M,0,4,3.39,501.07,21,1
MERCH_10397,F,0,4,2.42,2964.97,27,1
MERCH_10398,M,0,8,4.29,2059.46,23,1
MERCH_10399,M,2,0,0.0,13745.9,32,0
MERCH_10400,F,1,1,0.44,10026.69,17,0
MERCH_10401,M,2,1,0.86,13822.81,14,0
MERCH_10402,F,0,2,1.84,909.83,22,1
MERCH_10403,M,2,1,0.93,5431.62,17,1
MERCH_10404,F,0,6,3.83,3433.52,29,1
MERCH_10405,M,2,0,0.0,6243.45,26,0
MERCH_10406,F,0,4,3.49,1268.14,31,1
MERCH_10407,F,0,1,0.52,5800.02,34,1
MERCH_10408,M,1,2,0.83,12858.79,27,0
MERCH_10409,F,2,3,1.83,8532.76,17,1
MERCH_10410,F,0,3,2.66,2812.11,23,1
MERCH_10411,M,0,1,0.68,4153.75,34,0
MERCH_10412,M,2,0,0.0,3306.37,18,0
MERCH_10413,F,0,5,3.9,10898.63,21,1
MERCH_10414,F,0,4,2.86,1667.95,20,1
MERCH_10415,F,0,2,0.86,4704.0,32,1
MERCH_10416,F,0,8,5.67,4354.37,12,1
MERCH_10417,F,2,3,2.27,2416.42,4,1
MERCH_10418,M,1,3,2.26,4534.81,9,1
MERCH_10419,M,1,1,0.8,7715.5,11,0
MERCH_10420,M,2,3,2.06,5289.56,30,1
MERCH_10421,M,0,2,1.79,4880.94,26,1
MERCH_10422,F,0,6,3.93,2629.77,32,1
MERCH_10423,F,0,4,2.74,1819.72,28,1
MERCH_10424,F,0,3,2.49,2238.64,16,1
MERCH_10425,F,0,8,6.87,3449.07,8,1
MERCH_10426,F,2,1,0.76,13901.81,3,0
MERCH_10427,M,1,3,1.41,10173.05,3,1
MERCH_10428,F,0,2,1.17,4560.16,10,1
MERCH_10429,F,1,1,0.41,9319.32,12,0
MERCH_10430,F,1,2,1.12,9384.35,15,1
MERCH_10431,M,2,0,0.0,4038.85,27,0
MERCH_10432,F,2,4,3.37,13433.76,11,1
MERCH_10433,F,1,0,0.0,1197.71,6,0
MERCH_10434,F,1,1,0.42,5822.0,12,0
MERCH_10435,M,1,3,1.63,2866.99,18,1
MERCH_10436,F,1,1,0.72,11010.57,25,1
MERCH_10437,M,0,4,3.16,3053.42,34,1
MERCH_10438,M,0,3,2.63,2469.18,26,1
MERCH_10439,F,1,4,3.73,20110.51,24,0
MERCH_10440,F,0,2,1.78,2130.39,16,1
MERCH_10441,M,0,7,4.6,2081.15,21,1
MERCH_10442,F,1,2,1.62,4229.45,30,0
MERCH_10443,F,0,3,1.6,4819.31,20,1
MERCH_10444,M,1,3,1.31,10928.46,19,1
MERCH_10445,M,1,0,0.0,13420.63,11,0
MERCH_10446,M,2,1,0.53,15006.91,14,1
MERCH_10447,M,0,3,1.26,5342.77,16,0
MERCH_10448,F,0,3,2.6,9070.34,3,0
MERCH_10449,F,1,1,0.67,23137.44,22,0
MERCH_10450,M,1,3,2.54,12226.02,5,0
MERCH_10451,F,2,2,1.83,4041.05,2,0
MERCH_10452,F,0,11,10.41,3804.17,12,1
MERCH_10453,M,0,3,2.75,2932.83,2,1
MERCH_10454,F,2,1,0.79,807.44,19,0
MERCH_10455,F,0,6,3.86,4570.21,24,1
MERCH_10456,F,1,6,4.37,8392.32,5,1
MERCH_10457,F,0,5,4.25,2804.14,26,1
MERCH_10458,F,0,3,2.68,1270.35,28,0
MERCH_10459,F,0,3,2.78,4761.89,35,1
MERCH_10460,F,0,3,2.41,1089.77,19,1
MERCH_10461,F,1,1,0.7,6898.29,31,0
MERCH_10462,M,2,3,2.8,4577.88,19,1
MERCH_10463,F,0,2,1.85,1560.02,19,0
MERCH_10464,M,1,2,1.33,13876.63,20,0
MERCH_10465,F,0,8,6.05,2255.51,17,1
MERCH_10466,F,1,1,0.85,7417.53,12,0
MERCH_10467,M,0,2,1.28,6362.03,35,0
MERCH_10468,F,2,3,2.57,18520.64,26,0
MERCH_10469,M,1,0,0.0,6742.26,8,0
MERCH_10470,F,1,2,1.33,11242.3,25,0
MERCH_10471,M,1,2,1.33,13190.85,25,0
MERCH_10472,F,1,3,2.33,4728.63,22,1
MERCH_10473,M,2,1,0.46,1590.9,13,0
MERCH_10474,F,1,4,1.83,16309.97,15,1
MERCH_10475,M,2,3,2.69,5933.21,23,1
MERCH_10476,F,1,3,1.7,7967.92,28,0
MERCH_10477,F,0,7,4.06,1521.25,13,1
MERCH_10478,M,1,2,1.65,16162.27,32,0
MERCH_10479,F,0,0,0.0,3251.89,11,1
MERCH_10480,F,1,1,0.86,7041.94,14,1
MERCH_10481,M,0,7,4.35,2609.98,35,1
MERCH_10482,F,1,1,0.82,19553.32,35,0
MERCH_10483,F,0,7,4.82,2501.14,23,1
MERCH_10484,F,0,4,3.66,4481.62,13,1
MERCH_10485,M,0,7,4.06,529.61,6,1
MERCH_10486,F,2,0,0.0,9823.31,29,0
MERCH_10487,F,0,3,2.8,2520.95,15,1
MERCH_10488,M,0,1,0.81,1153.92,5,0
MERCH_10489,M,1,3,2.47,30445.01,33,0
MERCH_10490,F,1,0,0.0,2815.57,2,0
MERCH_10491,F,0,7,4.85,1825.15,33,1
MERCH_10492,F,0,2,1.14,1920.22,25,0
MERCH_10493,F,0,3,1.63,6174.13,27,1
MERCH_10494,F,2,8,5.56,5789.09,25,1
MERCH_10495,F,0,4,3.77,2772.51,5,1
MERCH_10496,F,0,6,3.11,2069.16,4,1
MERCH_10497,F,0,6,3.2,3147.11,14,1
MERCH_10498,M,0,2,1.07,3501.37,17,0
MERCH_10499,M,1,1,0.84,10503.32,27,0
MERCH_10500,M,0,5,3.4,2198.79,34,1
MERCH_10501,F,0,2,1.22,4793.94,10,1
MERCH_10502,F,0,2,1.73,1894.09,22,1
MERCH_10503,M,0,7,3.95,1796.23,22,1
MERCH_10504,M,0,5,3.08,2746.35,28,1
MERCH_10505,F,1,5,2.2,9987.57,20,1
MERCH_10506,M,1,2,0.93,6479.84,2,0
MERCH_10507,M,2,1,0.48,7611.59,23,0
MERCH_10508,M,2,1,0.59,9401.32,34,1
MERCH_10509,M,1,2,1.38,6401.68,16,0
MERCH_10510,F,0,4,1.6,4364.86,28,1
MERCH_10511,F,1,0,0.0,16649.35,14,0
MERCH_10512,M,1,0,0.0,2700.95,1,1
MERCH_10513,M,1,3,1.62,7157.6,15,0
MERCH_10514,F,1,2,0.98,8390.29,15,1
MERCH_10515,F,0,3,1.52,2606.13,25,1
MERCH_10516,F,1,0,0.0,1324.2,5,0
MERCH_10517,M,1,1,0.73,10452.71,8,0
MERCH_10518,M,2,1,0.82,7596.35,22,1
MERCH_10519,F,0,1,0.85,6855.91,14,1
MERCH_10520,F,0,2,1.53,490.74,19,1
MERCH_10521,F,0,5,3.94,3031.55,26,1
MERCH_10522,M,1,5,3.74,5298.39,33,1
MERCH_10523,M,0,7,5.3,2222.99,12,1
MERCH_10524,M,0,3,2.73,1720.05,29,1
MERCH_10525,F,2,2,1.0,20825.97,12,0
MERCH_10526,F,0,5,2.76,2865.3,29,1
MERCH_10527,F,1,1,0.45,30770.32,20,0
MERCH_10528,F,0,2,1.72,833.16,34,1
MERCH_10529,M,1,3,1.94,3037.36,30,1
MERCH_10530,M,1,6,5.39,4738.17,29,1
MERCH_10531,M,2,2,1.25,8298.97,2,0
MERCH_10532,M,2,2,1.29,2204.95,26,0
MERCH_10533,F,0,3,1.94,756.48,1,0
MERCH_10534,M,0,4,2.95,2894.38,28,1
MERCH_10535,M,0,2,1.64,1280.28,8,1
MERCH_10536,M,1,1,0.59,18534.45,31,1
MERCH_10537,F,2,2,1.49,10853.19,19,0
MERCH_10538,F,0,4,2.05,3834.78,13,0
MERCH_10539,F,1,2,1.41,21029.84,16,0
MERCH_10540,M,0,5,3.5,469.34,23,1
MERCH_10541,F,1,0,0.0,4107.29,11,0
MERCH_10542,F,2,2,1.79,2578.25,24,0
MERCH_10543,M,0,6,4.01,3402.61,10,0
MERCH_10544,F,0,2,0.83,5096.67,5,0
MERCH_10545,F,0,8,6.92,2957.73,12,1
MERCH_10546,F,1,0,0.0,21432.29,26,0
MERCH_10547,M,1,0,0.0,13130.01,28,0
MERCH_10548,F,0,3,1.23,2504.13,16,1
MERCH_10549,M,0,4,2.38,7934.09,2,1
MERCH_10550,F,0,4,3.0,3772.38,26,0
MERCH_10551,M,1,2,1.21,10546.65,4,0
MERCH_10552,F,1,1,0.91,16675.23,29,0
MERCH_10553,F,0,5,3.76,2025.52,16,1
MERCH_10554,M,1,3,2.27,4876.21,22,0
MERCH_10555,F,1,0,0.0,8908.24,6,1
MERCH_10556,F,0,3,1.26,3325.28,28,0
MERCH_10557,F,0,7,5.64,3042.07,11,1
MERCH_10558,M,1,5,3.97,16483.65,21,1
MERCH_10559,F,2,0,0.0,7937.58,26,1
MERCH_10560,M,0,4,2.52,333.78,22,1
MERCH_10561,F,0,1,0.7,1546.05,30,1
MERCH_10562,F,0,6,4.86,3023.91,30,0
MERCH_10563,F,1,2,1.58,10540.71,33,0
MERCH_10564,F,0,0,0.0,3668.88,30,1
MERCH_10565,F,0,1,0.9,2595.94,30,0
MERCH_10566,F,1,1,0.74,15124.12,26,1
MERCH_10567,F,1,5,2.04,7158.82,6,1
MERCH_10568,M,0,6,4.44,1128.07,4,1
MERCH_10569,F,0,2,1.47,3450.91,15,0
MERCH_10570,F,1,1,0.44,1445.76,3,1
MERCH_10571,M,0,7,4.45,899.34,16,1
MERCH_10572,F,0,3,2.27,4521.75,16,1
MERCH_10573,F,2,2,1.57,2584.26,27,0
MERCH_10574,M,0,4,3.56,1750.73,6,1
MERCH_10575,M,1,1,0.86,11193.96,21,0
MERCH_10576,F,2,1,0.46,9681.0,13,0
MERCH_10577,M,0,3,2.2,1918.4,9,0
MERCH_10578,F,0,7,5.1,4636.16,8,1
MERCH_10579,F,1,2,1.13,1786.14,28,0
MERCH_10580,F,2,1,0.5,5364.93,19,1
MERCH_10581,M,2,1,0.51,4251.27,29,0
MERCH_10582,F,1,3,1.49,15188.92,31,0
MERCH_10583,F,0,4,3.37,2573.57,33,1
MERCH_10584,F,1,1,0.48,12715.95,6,0
MERCH_10585,F,0,3,1.64,3197.43,4,1
MERCH_10586,F,0,3,1.56,1451.39,16,0
MERCH_10587,F,0,4,3.17,5057.91,3,1
MERCH_10588,F,0,2,0.97,3627.77,25,1
MERCH_10589,F,1,0,0.0,3483.77,17,0
MERCH_10590,F,0,6,3.63,2917.34,22,1
MERCH_10591,F,0,2,1.14,5719.65,18,1
MERCH_10592,F,0,2,1.24,4338.82,32,1
MERCH_10593,F,2,4,3.26,26564.54,18,1
MERCH_10594,M,1,1,0.41,12302.67,26,1
MERCH_10595,F,0,3,1.26,8146.35,25,0
MERCH_10596,M,0,2,1.08,8049.91,28,1
MERCH_10597,F,0,3,2.67,1663.82,23,1
MERCH_10598,F,2,1,0.49,1792.35,8,0
MERCH_10599,F,1,2,1.9,10954.21,13,0
MERCH_10600,F,1,6,5.06,5183.86,10,1
MERCH_10601,F,1,6,3.91,12013.52,3,0
MERCH_10602,F,0,7,5.68,1489.77,10,1
MERCH_10603,F,1,2,1.37,20502.16,15,1
MERCH_10604,F,1,0,0.0,8248.81,24,0
MERCH_10605,F,0,6,4.32,9317.08,10,1
MERCH_10606,F,0,4,3.03,3391.56,21,1
MERCH_10607,F,1,1,0.43,15953.94,28,0
MERCH_10608,F,2,1,0.74,9422.43,2,0
MERCH_10609,M,0,2,1.59,2334.41,4,0
MERCH_10610,F,2,2,1.14,1946.72,3,0
MERCH_10611,M,1,0,0.0,224.93,32,1
MERCH_10612,F,0,6,2.88,1514.41,34,1
MERCH_10613,F,0,8,7.21,3145.26,16,1
MERCH_10614,M,0,4,3.09,3621.27,4,1
MERCH_10615,M,1,1,0.77,6817.98,18,0
MERCH_10616,F,0,4,3.53,952.01,28,1
MERCH_10617,F,0,5,4.29,967.07,6,1
MERCH_10618,M,1,1,0.59,6430.95,1,0
MERCH_10619,M,1,2,1.58,14881.57,16,0
MERCH_10620,F,0,8,3.42,2322.44,9,1
MERCH_10621,F,0,2,1.31,4569.95,17,1
MERCH_10622,F,0,5,4.58,1240.27,34,1
MERCH_10623,F,1,2,1.1,21717.97,31,0
MERCH_10624,F,1,2,0.85,2538.99,34,1
MERCH_10625,F,0,5,3.6,2840.9,34,0
MERCH_10626,F,1,3,1.79,3984.01,1,1
MERCH_10627,M,1,0,0.0,912.03,15,1
MERCH_10628,F,1,1,0.72,9747.5,31,1
MERCH_10629,F,1,1,0.74,5771.86,14,1
MERCH_10630,M,0,2,1.28,3461.56,34,1
MERCH_10631,M,0,4,2.72,2353.44,1,1
MERCH_10632,F,1,0,0.0,6365.73,35,1
MERCH_10633,F,1,3,2.78,7479.33,11,0
MERCH_10634,F,1,1,0.79,2919.28,17,0
MERCH_10635,F,0,4,1.96,641.53,5,1
MERCH_10636,F,2,2,1.2,19842.53,17,0
MERCH_10637,F,1,4,3.54,5127.17,18,1
MERCH_10638,F,0,3,1.9,2201.4,25,1
MERCH_10639,F,0,7,6.48,8204.87,35,1
MERCH_10640,F,1,1,0.67,6767.65,16,0
MERCH_10641,F,1,2,1.75,5294.33,23,0
MERCH_10642,F,0,4,1.68,7026.17,21,1
MERCH_10643,F,2,0,0.0,11175.84,29,1
MERCH_10644,F,0,4,3.14,2530.33,10,0
MERCH_10645,M,0,3,2.62,460.01,20,1
MERCH_10646,F,2,2,1.47,3178.32,7,1
MERCH_10647,M,2,2,0.99,1117.69,30,0
MERCH_10648,M,1,0,0.0,3423.58,29,0
MERCH_10649,F,2,3,2.15,6428.1,1,0
MERCH_10650,F,0,3,1.38,7015.74,21,0
MERCH_10651,F,2,1,0.66,4229.79,7,0
MERCH_10652,F,0,7,5.49,2090.13,4,1
MERCH_10653,M,0,5,3.24,2434.02,15,1
MERCH_10654,F,0,4,3.52,1234.94,34,0
MERCH_10655,F,0,2,1.27,3009.28,2,1
MERCH_10656,F,0,5,3.6,2426.14,3,1
MERCH_10657,F,0,10,5.16,2524.97,4,1
MERCH_10658,F,0,2,1.36,2235.33,27,1
MERCH_10659,F,0,10,5.23,1369.86,4,1
MERCH_10660,F,1,2,1.05,4666.38,19,1
MERCH_10661,M,0,7,3.88,1041.81,34,1
MERCH_10662,F,0,3,1.27,1632.26,16,1
MERCH_10663,F,1,2,0.98,7701.88,22,1
MERCH_10664,F,2,2,1.27,4707.49,32,1
MERCH_10665,F,1,1,0.47,8534.19,2,1
MERCH_10666,F,0,9,4.26,4481.62,17,1
MERCH_10667,F,1,2,1.86,1822.6,23,1
MERCH_10668,F,0,7,4.44,3819.97,12,1
MERCH_10669,F,0,6,3.73,472.32,13,1
MERCH_10670,F,0,4,2.19,2229.01,10,1
MERCH_10671,M,1,1,0.68,8282.82,4,0
MERCH_10672,F,0,2,1.46,874.44,7,1
MERCH_10673,F,0,5,3.15,620.46,2,1
MERCH_10674,F,0,3,1.85,1573.64,15,0
MERCH_10675,M,2,3,2.36,7873.13,9,0
MERCH_10676,F,1,1,0.92,8093.97,24,1
MERCH_10677,F,0,4,3.53,4641.45,6,1
MERCH_10678,M,1,1,0.47,21966.34,7,0
MERCH_10679,M,1,2,1.52,2790.9,16,1
MERCH_10680,M,1,3,1.21,4123.82,17,0
MERCH_10681,F,0,3,2.24,74.45,30,1
MERCH_10682,F,2,1,0.66,5851.81,8,0
MERCH_10683,M,0,3,2.01,397.26,3,1
MERCH_10684,M,1,2,1.45,5712.08,25,0
MERCH_10685,F,0,3,2.43,1350.0,29,1
MERCH_10686,F,0,8,6.41,1411.81,21,1
MERCH_10687,F,0,3,1.27,4190.63,6,0
MERCH_10688,M,1,0,0.0,4610.42,23,0
MERCH_10689,F,0,7,5.99,2825.78,11,1
MERCH_10690,F,1,2,0.87,3923.15,6,0
MERCH_10691,F,0,3,1.73,2637.92,27,1
MERCH_10692,F,1,2,1.67,1413.79,27,0
MERCH_10693,F,1,4,2.68,26069.9,13,1
MERCH_10694,F,1,2,1.56,12644.53,9,0
MERCH_10695,F,1,2,1.35,6556.15,8,0
MERCH_10696,F,1,2,1.88,5326.3,27,1
MERCH_10697,F,0,4,3.66,701.58,32,1
MERCH_10698,F,1,2,1.11,27253.4,29,0
MERCH_10699,F,0,1,0.61,2123.12,33,1
MERCH_10700,F,1,6,3.82,3061.34,5,0
MERCH_10701,F,1,2,0.91,8134.42,9,0
MERCH_10702,F,0,5,3.11,2124.15,13,1
MERCH_10703,F,0,4,3.3,4781.88,33,1
MERCH_10704,F,0,4,3.46,6401.42,30,1
MERCH_10705,M,1,1,0.89,6730.18,25,1
MERCH_10706,F,2,3,1.22,3383.29,6,1
MERCH_10707,M,1,2,1.67,5053.68,10,0
MERCH_10708,F,1,2,1.35,15464.26,19,1
MERCH_10709,M,2,1,0.51,8920.14,11,0
MERCH_10710,M,0,2,1.35,579.73,17,1
MERCH_10711,F,0,3,2.59,3638.76,2,0
MERCH_10712,F,1,4,2.56,1874.11,7,1
MERCH_10713,F,1,3,2.83,10265.51,31,0
MERCH_10714,F,2,2,1.48,7256.09,31,1
MERCH_10715,M,0,2,1.34,1490.15,17,0
MERCH_10716,M,0,5,2.81,2439.46,15,0
MERCH_10717,M,0,7,2.84,1140.35,7,0
MERCH_10718,F,0,7,5.15,2056.8,30,1
MERCH_10719,M,0,3,2.15,3804.04,14,0
MERCH_10720,M,1,1,0.68,7580.94,31,0
MERCH_10721,F,0,3,2.09,4119.16,9,1
MERCH_10722,F,1,3,2.59,16530.27,9,0
MERCH_10723,M,0,4,2.3,1453.02,2,0
MERCH_10724,F,1,2,1.41,10284.72,22,0
MERCH_10725,M,0,6,4.64,4288.31,16,1
MERCH_10726,F,0,2,1.03,137.97,2,0
MERCH_10727,M,0,2,1.82,1199.21,15,1
MERCH_10728,F,2,0,0.0,6764.62,6,1
MERCH_10729,F,1,1,0.43,3241.73,23,1
MERCH_10730,F,0,1,0.88,3922.43,28,1
MERCH_10731,M,0,5,4.56,4191.42,17,0
MERCH_10732,M,2,0,0.0,20318.21,19,0
MERCH_10733,F,0,5,3.17,4340.3,5,1
MERCH_10734,F,0,9,8.52,862.31,23,1
MERCH_10735,M,1,2,0.94,19712.46,19,1
MERCH_10736,F,2,1,0.7,6682.43,1,0
MERCH_10737,M,0,3,1.48,7015.34,27,1
MERCH_10738,F,0,7,4.49,2177.93,25,1
MERCH_10739,F,2,1,0.91,14892.23,6,0
MERCH_10740,F,0,3,2.51,2809.39,17,1
MERCH_10741,F,0,4,3.32,1873.84,12,0
MERCH_10742,M,1,5,2.97,2061.07,25,1
MERCH_10743,F,2,3,2.74,13216.19,10,0
MERCH_10744,F,0,5,3.01,2565.93,24,0
MERCH_10745,M,2,2,0.84,2170.45,11,0
MERCH_10746,F,1,0,0.0,3754.79,24,1
MERCH_10747,F,0,2,1.2,1383.07,3,1
MERCH_10748,M,2,1,0.48,5231.38,20,0
MERCH_10749,F,0,6,5.48,3164.69,23,0
MERCH_10750,F,0,8,6.0,2276.39,5,1
MERCH_10751,M,1,1,0.92,4400.84,13,0
MERCH_10752,F,0,2,1.44,5025.13,6,0
MERCH_10753,F,0,4,1.74,2585.93,2,1
MERCH_10754,F,0,4,1.67,1715.45,29,1
MERCH_10755,M,0,1,0.9,1899.08,5,0
MERCH_10756,F,1,5,2.11,1488.52,15,1
MERCH_10757,F,1,1,0.74,8089.51,8,1
MERCH_10758,M,2,2,1.13,3736.63,34,1
MERCH_10759,M,0,4,3.11,1712.84,26,1
MERCH_10760,F,0,4,2.23,4294.81,9,0
MERCH_10761,F,0,8,3.36,2694.75,8,1
MERCH_10762,F,0,4,3.21,554.9,14,1
MERCH_10763,M,0,5,2.85,537.78,25,1
MERCH_10764,F,1,3,2.11,8284.11,34,1
MERCH_10765,F,2,1,0.83,23947.18,3,0
MERCH_10766,M,2,1,0.79,6773.62,32,1
MERCH_10767,M,0,1,0.59,3393.9,5,1
MERCH_10768,F,2,1,0.81,8217.62,15,0
MERCH_10769,M,0,2,1.82,6491.68,28,1
MERCH_10770,F,0,5,3.68,3934.21,18,1
MERCH_10771,M,2,2,1.57,8271.94,11,0
MERCH_10772,F,1,1,0.88,16037.65,10,1
MERCH_10773,F,0,4,3.46,2848.74,4,0
MERCH_10774,M,0,3,1.78,877.26,20,1
MERCH_10775,F,0,4,3.78,4249.14,5,0
MERCH_10776,F,1,2,0.83,17804.97,1,0
MERCH_10777,M,0,3,2.83,5025.48,13,0
MERCH_10778,M,2,1,0.54,11281.11,22,0
MERCH_10779,F,0,4,2.57,776.18,13,1
MERCH_10780,M,0,6,5.32,1033.51,15,1
MERCH_10781,F,0,4,2.14,4055.15,9,0
MERCH_10782,F,1,2,1.05,6056.05,3,0
MERCH_10783,F,0,4,3.01,581.59,2,1
MERCH_10784,F,1,2,1.58,16408.37,12,1
MERCH_10785,M,2,3,1.21,5709.41,24,1
MERCH_10786,F,2,1,0.65,21053.64,18,0
MERCH_10787,F,1,0,0.0,10126.37,25,1
MERCH_10788,F,2,1,0.55,5091.16,15,0
MERCH_10789,M,1,5,3.5,9908.15,1,0
MERCH_10790,F,1,4,1.94,6510.84,8,1
MERCH_10791,F,0,6,3.47,2484.56,7,1
MERCH_10792,F,0,4,3.17,2348.51,35,0
MERCH_10793,F,0,3,2.64,4622.49,16,0
MERCH_10794,F,0,1,0.72,5837.97,17,1
MERCH_10795,M,0,3,1.32,3196.76,30,1
MERCH_10796,M,2,3,2.32,4684.61,18,1
MERCH_10797,F,0,3,2.68,2827.18,12,1
MERCH_10798,M,0,3,2.03,6344.43,28,1
MERCH_10799,M,1,0,0.0,7369.19,11,1
MERCH_10800,M,0,6,5.67,4667.28,6,0
MERCH_10801,F,0,3,2.25,3064.34,26,0
MERCH_10802,F,0,6,5.06,1841.26,16,1
MERCH_10803,F,0,5,3.78,1389.09,9,1
MERCH_10804,F,0,4,2.09,4100.95,18,1
MERCH_10805,M,1,3,1.67,9475.1,33,0
MERCH_10806,M,1,1,0.77,3083.84,19,0
MERCH_10807,M,0,4,2.6,4539.19,9,1
MERCH_10808,F,0,1,0.62,2878.27,9,0
MERCH_10809,F,0,6,2.47,6648.01,5,1
MERCH_10810,M,1,0,0.0,1658.62,23,1
MERCH_10811,M,0,4,3.55,3575.22,34,1
MERCH_10812,F,0,5,3.27,3062.26,22,1
MERCH_10813,M,1,3,2.36,10251.0,5,0
MERCH_10814,M,0,2,1.0,1441.86,1,0
MERCH_10815,F,0,9,6.09,329.02,26,1
MERCH_10816,F,0,4,2.57,1298.26,18,1
MERCH_10817,F,2,1,0.76,8577.22,26,1
MERCH_10818,F,2,0,0.0,7859.63,15,0
MERCH_10819,F,1,3,2.02,13326.7,2,0
MERCH_10820,M,0,8,4.5,2312.49,15,1
MERCH_10821,F,1,6,2.56,30519.55,11,0
MERCH_10822,F,2,3,2.71,5535.32,20,0
MERCH_10823,F,2,2,0.81,25087.36,17,0
MERCH_10824,F,0,5,2.77,4198.78,5,1
MERCH_10825,M,1,1,0.65,12965.43,33,0
MERCH_10826,F,0,6,3.45,1700.01,25,1
MERCH_10827,F,0,0,0.0,7559.8,7,0
MERCH_10828,M,1,1,0.65,16061.14,34,0
MERCH_10829,F,0,1,0.54,5162.8,15,1
MERCH_10830,F,2,4,1.79,6078.74,13,1
MERCH_10831,F,0,4,1.9,4276.9,32,1
MERCH_10832,F,1,2,1.33,10019.74,14,0
MERCH_10833,F,2,5,4.33,1943.98,20,0
MERCH_10834,F,2,1,0.46,6632.92,16,0
MERCH_10835,F,0,3,2.32,2063.44,30,1
MERCH_10836,M,0,0,0.0,4081.0,19,1
MERCH_10837,F,1,3,1.66,12301.67,22,1
MERCH_10838,F,0,2,1.54,2369.38,10,0
MERCH_10839,F,2,3,2.33,11162.75,8,0
MERCH_10840,F,2,4,3.16,1233.66,29,1
MERCH_10841,M,0,2,1.78,2689.86,14,1
MERCH_10842,F,0,2,1.24,2030.46,11,1
MERCH_10843,M,0,2,1.07,2495.02,30,1
MERCH_10844,F,2,1,0.7,13786.17,33,1
MERCH_10845,F,0,3,1.3,5551.19,34,1
MERCH_10846,F,0,7,4.09,1334.69,5,1
MERCH_10847,M,0,5,4.43,676.29,5,0
MERCH_10848,F,1,1,0.69,17900.88,17,0
MERCH_10849,F,0,7,4.48,473.65,19,1
MERCH_10850,F,0,4,2.18,3295.82,26,0
MERCH_10851,M,2,3,1.61,9583.68,2,1
MERCH_10852,F,2,1,0.53,23456.73,14,1
MERCH_10853,M,1,3,2.57,16904.43,28,0
MERCH_10854,F,0,5,4.71,2305.45,4,1
MERCH_10855,F,0,6,4.16,2284.27,3,1
MERCH_10856,F,1,0,0.0,14610.3,15,1
MERCH_10857,F,0,7,5.69,2823.91,22,1
MERCH_10858,F,2,1,0.88,6825.06,19,0
MERCH_10859,F,1,1,0.91,4180.1,34,1
MERCH_10860,M,0,5,3.73,3264.07,10,1
MERCH_10861,F,2,1,0.68,5980.88,34,0
MERCH_10862,F,2,1,0.74,25675.64,16,0
MERCH_10863,F,0,4,1.63,786.52,22,1
MERCH_10864,F,1,2,1.52,10071.16,32,1
MERCH_10865,F,0,5,3.95,4174.6,17,0
MERCH_10866,F,0,6,4.78,1899.14,9,1
MERCH_10867,F,0,4,2.84,3580.47,33,1
MERCH_10868,M,1,3,2.36,8050.86,33,1
MERCH_10869,M,2,1,0.75,11374.6,2,0
MERCH_10870,F,1,5,2.32,7793.01,14,1
MERCH_10871,F,0,4,3.58,2922.68,33,1
MERCH_10872,F,1,1,0.74,9602.68,1,1
MERCH_10873,F,0,2,1.6,11501.23,22,1
MERCH_10874,F,2,0,0.0,5382.77,30,1
MERCH_10875,F,0,10,9.06,2140.57,27,1
MERCH_10876,M,0,5,3.38,1928.65,33,1
MERCH_10877,M,0,2,1.55,786.48,16,1
MERCH_10878,F,1,1,0.92,12731.72,10,0
MERCH_10879,F,0,6,5.42,2289.96,27,1
MERCH_10880,F,1,2,1.51,5679.43,2,1
MERCH_10881,M,0,3,1.47,1858.2,30,1
MERCH_10882,F,0,6,5.54,7202.15,19,1
MERCH_10883,F,0,4,3.77,6781.98,19,0
MERCH_10884,M,2,1,0.46,23184.74,35,0
MERCH_10885,F,2,2,1.3,6156.48,11,1
MERCH_10886,M,0,1,0.7,434.81,32,1
MERCH_10887,F,0,9,4.06,2291.22,16,1
MERCH_10888,F,0,3,1.51,2375.0,17,1
MERCH_10889,F,1,0,0.0,10909.74,29,1
MERCH_10890,M,0,5,4.65,1519.51,20,1
MERCH_10891,M,2,3,1.25,6554.84,24,0
MERCH_10892,M,2,3,2.71,6473.25,4,1
MERCH_10893,F,0,3,2.68,4484.26,5,1
MERCH_10894,M,0,2,1.74,3802.3,19,1
MERCH_10895,F,2,4,2.43,10929.75,24,0
MERCH_10896,F,1,1,0.67,3599.73,1,0
MERCH_10897,M,0,7,4.35,8679.41,35,1
MERCH_10898,F,0,7,6.45,6746.06,2,1
MERCH_10899,F,0,7,4.81,5646.71,10,1
MERCH_10900,F,0,8,3.55,403.88,6,1
MERCH_10901,F,0,5,2.75,970.75,20,0
MERCH_10902,F,0,5,3.27,3174.57,19,0
MERCH_10903,F,1,2,1.85,6674.42,29,1
MERCH_10904,F,0,5,3.56,1089.19,24,1
MERCH_10905,M,0,4,3.13,1814.85,9,1
MERCH_10906,M,0,4,1.79,7661.77,32,0
MERCH_10907,F,1,0,0.0,4163.95,5,0
MERCH_10908,F,2,2,1.39,19673.25,21,1
MERCH_10909,F,0,2,1.81,2522.47,17,1
MERCH_10910,F,0,3,1.94,1269.91,24,1
MERCH_10911,F,2,1,0.78,3386.35,27,0
MERCH_10912,F,0,7,4.61,2474.33,18,1
MERCH_10913,F,0,0,0.0,2652.83,22,0
MERCH_10914,F,0,5,2.75,3066.12,6,1
MERCH_10915,F,0,4,1.75,654.08,28,1
MERCH_10916,F,0,6,3.85,5924.92,20,0
MERCH_10917,M,2,0,0.0,5776.17,16,0
MERCH_10918,M,1,1,0.53,16611.34,19,0
MERCH_10919,F,0,3,2.01,988.0,8,1
MERCH_10920,M,2,2,1.3,12779.45,18,0
MERCH_10921,F,0,3,2.08,591.28,31,1
MERCH_10922,M,0,2,1.0,2911.73,2,0
MERCH_10923,M,1,2,1.39,18979.15,32,0
MERCH_10924,F,1,0,0.0,16369.56,15,0
MERCH_10925,F,0,3,1.67,3284.02,11,1
MERCH_10926,F,0,7,5.06,3559.82,5,1
MERCH_10927,F,1,2,0.96,8868.6,29,1
MERCH_10928,F,1,2,1.79,8618.14,20,0
MERCH_10929,F,1,4,3.66,859.39,20,1
MERCH_10930,F,0,3,2.29,4240.05,18,0
MERCH_10931,M,0,2,1.13,1275.92,12,0
MERCH_10932,M,0,6,4.47,2151.51,17,1
MERCH_10933,F,0,1,0.73,3420.98,4,1
MERCH_10934,F,2,1,0.62,14251.8,19,0
MERCH_10935,F,0,1,0.56,976.45,23,1
MERCH_10936,F,0,4,1.97,1332.37,27,1
MERCH_10937,M,1,1,0.52,19764.35,14,0
MERCH_10938,F,0,6,4.55,4375.65,4,1
MERCH_10939,F,0,4,3.55,5414.97,4,0
MERCH_10940,F,1,2,1.22,11254.46,24,0
MERCH_10941,F,2,1,0.47,7347.76,23,1
MERCH_10942,M,1,3,1.22,13957.92,11,0
MERCH_10943,M,0,3,1.87,752.98,33,1
MERCH_10944,F,1,1,0.53,8636.74,5,0
MERCH_10945,F,1,0,0.0,14241.64,27,0
MERCH_10946,F,0,5,2.66,2706.42,27,1
MERCH_10947,M,0,4,3.06,1268.49,31,0
MERCH_10948,M,2,0,0.0,4293.81,12,0
MERCH_10949,F,0,6,5.41,2729.97,6,1
MERCH_10950,F,1,1,0.78,8519.75,12,1
MERCH_10951,M,0,4,1.96,240.25,14,1
MERCH_10952,F,0,3,2.44,5048.24,22,1
MERCH_10953,M,0,3,1.5,1615.3,11,1
MERCH_10954,F,1,6,4.24,2745.51,13,1
MERCH_10955,F,0,3,1.33,2828.38,6,1
MERCH_10956,F,1,3,1.28,4059.21,20,1
MERCH_10957,F,1,1,0.66,5791.99,2,0
MERCH_10958,F,1,1,0.46,11476.07,11,0
MERCH_10959,M,2,2,1.14,9138.1,8,1
MERCH_10960,F,1,2,1.17,6533.14,30,0
MERCH_10961,F,0,4,3.29,1770.56,27,1
MERCH_10962,F,2,1,0.58,7300.1,4,0
MERCH_10963,F,1,4,2.69,5889.94,7,0
MERCH_10964,F,0,2,1.65,875.62,24,0
MERCH_10965,F,0,3,1.54,2728.98,32,1
MERCH_10966,M,1,0,0.0,23723.29,19,0
MERCH_10967,F,0,1,0.86,748.65,35,1
MERCH_10968,F,1,1,0.94,19046.44,3,0
MERCH_10969,F,0,4,2.58,1770.96,18,0
MERCH_10970,M,0,3,1.81,1880.72,22,1
MERCH_10971,M,1,2,1.57,1438.69,33,1
MERCH_10972,M,0,3,1.3,8467.66,34,1
MERCH_10973,F,0,2,0.84,1654.82,23,1
MERCH_10974,F,1,1,0.58,2080.54,35,1
MERCH_10975,F,0,3,2.4,1121.56,29,1
MERCH_10976,F,1,1,0.46,4496.68,2,1
MERCH_10977,F,1,3,2.25,6916.45,14,0
MERCH_10978,F,1,2,1.1,7329.58,8,0
MERCH_10979,F,0,7,5.31,2991.26,1,1
MERCH_10980,F,0,4,2.61,2416.47,28,1
MERCH_10981,M,1,0,0.0,10393.39,3,0
MERCH_10982,F,2,2,1.07,5381.12,7,1
MERCH_10983,F,1,1,0.52,15931.41,34,0
MERCH_10984,M,1,1,0.49,13470.8,32,0
MERCH_10985,F,0,5,3.29,2688.53,9,1
MERCH_10986,M,0,4,3.7,1384.71,35,0
MERCH_10987,F,0,4,3.05,458.37,19,1
MERCH_10988,F,0,5,4.3,3115.36,15,1
MERCH_10989,M,0,6,5.64,7509.21,31,1
MERCH_10990,M,2,2,1.39,6646.92,16,0
MERCH_10991,M,0,1,0.53,2642.19,7,0
MERCH_10992,F,0,7,6.37,6825.66,35,1
MERCH_10993,F,0,8,6.28,2361.71,29,1
MERCH_10994,F,2,2,1.85,7454.9,2,0
MERCH_10995,F,1,3,2.27,10154.75,34,0
MERCH_10996,M,1,4,3.31,10286.3,35,1
MERCH_10997,F,2,0,0.0,6853.44,31,0
MERCH_10998,M,0,1,0.82,1861.74,12,0
MERCH_10999,F,1,2,1.42,7612.18,1,0
MERCH_11000,F,0,2,1.32,985.98,29,1
MERCH_11001,F,0,1,0.85,4368.55,1,1
MERCH_11002,M,1,2,1.65,15385.03,1,1
MERCH_11003,M,1,6,3.61,14595.08,15,1
MERCH_11004,M,0,4,2.7,2366.52,3,0
MERCH_11005,M,0,5,3.75,7930.43,14,0
MERCH_11006,M,1,3,1.25,11191.42,10,1
MERCH_11007,M,0,5,2.68,1992.7,3,1
MERCH_11008,F,0,6,3.23,1319.58,20,1
MERCH_11009,F,0,9,7.97,2282.4,27,1
MERCH_11010,F,0,2,1.16,3188.85,11,0
MERCH_11011,M,1,1,0.7,10303.37,3,0
MERCH_11012,M,0,2,1.71,3936.58,24,1
MERCH_11013,F,0,1,0.54,7795.16,10,1
MERCH_11014,M,1,1,0.47,12835.04,26,1
MERCH_11015,M,2,3,2.76,3937.79,32,1
MERCH_11016,F,0,3,2.36,4203.12,8,1
MERCH_11017,F,0,6,2.98,2588.13,13,1
MERCH_11018,M,0,9,7.66,1358.41,3,1
MERCH_11019,F,1,2,1.67,327.19,15,1
MERCH_11020,M,1,1,0.86,18018.74,21,1
MERCH_11021,F,1,1,0.55,9645.69,29,1
MERCH_11022,M,2,2,1.29,13814.26,27,1
MERCH_11023,M,1,1,0.78,8203.14,30,0
MERCH_11024,M,1,0,0.0,17291.2,14,0
MERCH_11025,F,0,7,3.07,6277.96,15,0
MERCH_11026,M,0,4,1.9,2109.07,14,0
MERCH_11027,M,2,2,1.46,8891.68,25,1
MERCH_11028,F,0,7,4.24,6798.92,27,1
MERCH_11029,M,0,5,2.01,1312.07,2,1
MERCH_11030,F,1,1,0.82,2991.81,17,0
MERCH_11031,F,0,6,3.78,942.84,15,1
MERCH_11032,F,1,4,2.29,623.54,27,1
MERCH_11033,F,1,2,1.58,6583.3,10,1
MERCH_11034,F,0,2,1.3,1012.37,9,0
MERCH_11035,M,1,3,2.35,3585.81,3,1
MERCH_11036,F,0,6,2.44,3177.61,24,1
MERCH_11037,M,0,8,3.24,2743.15,1,1
MERCH_11038,F,1,3,2.12,5461.93,6,1
MERCH_11039,F,1,0,0.0,10302.71,5,1
MERCH_11040,F,1,3,1.65,7758.56,4,1
MERCH_11041,M,0,4,3.1,1666.69,3,0
MERCH_11042,F,1,3,1.48,11234.22,30,1
MERCH_11043,F,0,7,4.0,4474.54,23,1
MERCH_11044,M,2,3,1.33,7552.08,7,0
MERCH_11045,F,0,4,3.54,3807.14,32,1
MERCH_11046,F,1,1,0.57,519.35,10,1
MERCH_11047,F,0,7,3.69,690.93,33,1
MERCH_11048,M,0,3,2.41,3460.69,26,1
MERCH_11049,F,0,2,1.02,1674.98,31,1
MERCH_11050,M,2,2,1.06,3988.47,30,1
MERCH_11051,F,1,1,0.46,25556.92,23,0
MERCH_11052,M,2,3,2.79,5612.41,29,1
MERCH_11053,M,0,4,2.14,1572.57,8,0
MERCH_11054,M,0,3,2.84,1616.79,16,1
MERCH_11055,F,0,2,0.99,8345.14,9,0
MERCH_11056,M,1,1,0.41,24537.6,4,0
MERCH_11057,F,0,3,2.68,2664.44,19,1
MERCH_11058,F,2,4,2.88,18441.33,13,0
MERCH_11059,F,2,1,0.59,5535.71,12,0
MERCH_11060,M,2,3,2.05,1779.08,9,0
MERCH_11061,M,1,3,1.63,5522.16,12,1
MERCH_11062,M,1,1,0.75,2644.22,24,0
MERCH_11063,F,1,1,0.74,8841.63,13,1
MERCH_11064,F,0,5,2.22,1703.71,35,1
MERCH_11065,M,1,1,0.9,3507.82,32,1
MERCH_11066,F,0,3,1.96,6965.82,14,1
MERCH_11067,F,0,4,2.03,2456.54,2,0
MERCH_11068,F,0,5,2.85,3618.78,21,1
MERCH_11069,F,0,5,4.38,3394.53,31,1
MERCH_11070,F,0,3,1.83,3497.79,35,1
MERCH_11071,F,0,2,1.42,6169.26,16,1
MERCH_11072,F,1,1,0.92,9546.0,26,0
MERCH_11073,F,0,9,6.83,11258.85,3,1
MERCH_11074,M,1,1,0.77,1172.21,2,0
MERCH_11075,F,0,8,4.29,443.26,22,1
MERCH_11076,F,1,2,1.54,7737.44,3,0
MERCH_11077,M,1,0,0.0,5244.62,26,0
MERCH_11078,F,1,3,2.7,12315.45,27,1
MERCH_11079,M,1,2,0.94,16786.71,8,1
MERCH_11080,M,0,2,1.11,1732.65,23,1
MERCH_11081,F,1,1,0.44,12227.46,6,0
MERCH_11082,F,0,5,3.05,10121.42,25,1
MERCH_11083,M,0,5,2.41,902.74,16,0
MERCH_11084,M,1,2,1.73,17405.65,26,0
MERCH_11085,F,0,2,1.82,10156.71,15,1
MERCH_11086,F,1,2,1.54,4977.97,32,0
MERCH_11087,F,1,0,0.0,6723.13,19,1
MERCH_11088,M,0,3,1.76,268.36,14,1
MERCH_11089,F,0,4,3.72,6569.17,35,1
MERCH_11090,M,0,2,0.95,279.51,26,0
MERCH_11091,F,2,2,1.41,5498.5,13,0
MERCH_11092,F,1,1,0.59,3294.38,8,0
MERCH_11093,F,0,4,3.8,1758.58,14,1
MERCH_11094,F,0,5,2.78,885.43,26,1
MERCH_11095,F,1,3,1.28,9943.49,30,1
MERCH_11096,F,1,1,0.79,14968.99,13,0
MERCH_11097,F,0,8,4.64,2964.12,11,1
MERCH_11098,M,0,4,3.05,6573.86,2,1
MERCH_11099,F,2,3,1.37,8361.51,30,0
MERCH_11100,F,0,6,4.13,3148.18,24,1
MERCH_11101,M,0,6,3.64,3346.58,18,1
MERCH_11102,M,2,1,0.7,8183.5,23,0
MERCH_11103,M,1,1,0.87,7546.0,6,0
MERCH_11104,M,0,7,6.55,574.82,11,1
MERCH_11105,F,0,5,4.07,559.42,7,1
MERCH_11106,F,0,3,2.47,3465.19,33,1
MERCH_11107,M,0,2,1.38,1461.41,10,1
MERCH_11108,M,2,1,0.45,10073.97,21,0
MERCH_11109,F,0,4,3.07,6169.84,9,1
MERCH_11110,M,1,2,0.96,28945.64,30,0
MERCH_11111,F,2,0,0.0,7972.25,25,0
MERCH_11112,F,0,5,3.95,5368.97,25,1
MERCH_11113,F,0,7,5.33,6959.96,24,1
MERCH_11114,F,1,1,0.57,17409.91,12,0
MERCH_11115,F,2,1,0.82,2849.07,7,0
MERCH_11116,F,1,1,0.92,6815.08,34,1
MERCH_11117,M,0,3,2.1,8813.9,3,0
MERCH_11118,F,1,3,2.32,4939.56,6,0
MERCH_11119,F,1,2,1.1,3082.76,27,0
MERCH_11120,M,2,1,0.93,4830.91,19,0
MERCH_11121,M,0,9,4.95,8541.11,8,1
MERCH_11122,M,1,1,0.89,4506.43,18,1
MERCH_11123,M,2,3,2.73,3592.89,7,1
MERCH_11124,M,0,5,3.98,3651.77,1,1
MERCH_11125,F,0,3,2.54,2666.0,5,0
MERCH_11126,F,0,4,2.61,1242.48,14,1
MERCH_11127,F,0,6,5.43,1081.99,1,1
MERCH_11128,F,0,2,1.62,974.24,12,1
MERCH_11129,F,2,1,0.58,7968.58,19,0
MERCH_11130,M,0,7,2.93,386.96,2,1
MERCH_11131,F,0,9,6.28,3122.65,14,1
MERCH_11132,F,1,1,0.86,2635.53,3,1
MERCH_11133,F,0,5,4.37,5600.79,35,1
MERCH_11134,M,0,7,6.02,2302.38,13,1
MERCH_11135,F,1,1,0.52,16752.29,3,0
MERCH_11136,M,2,1,0.63,16805.67,14,0
MERCH_11137,F,1,3,2.21,874.3,34,1
MERCH_11138,F,1,0,0.0,5480.96,9,1
MERCH_11139,F,0,6,3.5,4962.81,10,1
MERCH_11140,M,2,2,1.56,5469.8,8,0
MERCH_11141,F,0,5,3.62,857.92,29,1
MERCH_11142,M,1,1,0.71,7513.57,33,0
MERCH_11143,F,0,3,2.29,2700.06,23,1
MERCH_11144,F,2,0,0.0,3541.01,8,1
MERCH_11145,M,1,5,2.46,1884.91,23,0
MERCH_11146,M,1,3,2.64,10387.86,20,1
MERCH_11147,M,0,3,1.6,2135.62,12,1
MERCH_11148,M,0,4,3.24,4733.96,9,1
MERCH_11149,M,1,3,1.49,13700.22,33,0
MERCH_11150,M,1,5,3.82,4194.53,6,1
MERCH_11151,M,0,2,1.79,6034.3,32,1
MERCH_11152,M,2,0,0.0,3564.49,1,0
MERCH_11153,M,2,4,3.76,6199.27,24,1
MERCH_11154,F,0,0,0.0,1469.4,29,0
MERCH_11155,M,1,1,0.41,4544.05,8,0
MERCH_11156,F,1,1,0.87,5880.54,13,1
MERCH_11157,M,0,4,3.16,2743.59,25,1
MERCH_11158,M,0,8,3.67,2949.36,29,0
MERCH_11159,F,1,2,1.83,21705.97,24,0
MERCH_11160,M,1,3,2.31,3211.37,27,1
MERCH_11161,F,0,4,1.84,1371.02,26,1
MERCH_11162,F,1,3,2.62,6878.11,20,1
MERCH_11163,M,1,1,0.66,13000.63,4,0
MERCH_11164,F,1,4,2.21,8333.46,22,0
MERCH_11165,M,0,2,1.71,2087.55,7,1
MERCH_11166,M,2,0,0.0,8069.9,18,1
MERCH_11167,F,0,6,4.46,3722.85,10,1
MERCH_11168,F,0,7,6.26,1289.33,31,1
MERCH_11169,F,0,4,3.49,8158.3,26,1
MERCH_11170,F,0,3,1.57,2434.72,26,0
MERCH_11171,M,2,0,0.0,11028.06,25,0
MERCH_11172,F,0,3,1.82,976.21,18,1
MERCH_11173,F,1,1,0.64,8181.81,24,1
MERCH_11174,F,0,10,9.35,1119.23,15,1
MERCH_11175,F,0,4,3.27,2532.88,8,1
MERCH_11176,M,2,2,1.15,10436.93,25,0
MERCH_11177,F,1,3,2.27,10778.6,35,0
MERCH_11178,M,0,3,2.09,2328.49,24,1
MERCH_11179,F,1,1,0.46,4135.36,21,1
MERCH_11180,M,0,4,3.55,6969.75,1,0
MERCH_11181,F,0,10,8.52,7314.91,26,1
MERCH_11182,F,1,1,0.83,1273.27,10,0
MERCH_11183,M,1,1,0.71,8885.58,26,1
MERCH_11184,F,0,8,4.17,1416.06,2,1
MERCH_11185,M,2,3,2.66,5044.45,14,0
MERCH_11186,M,1,0,0.0,14610.04,33,0
MERCH_11187,F,0,1,0.41,1061.12,1,0
MERCH_11188,F,1,7,6.58,786.05,30,1
MERCH_11189,M,1,2,1.75,4289.74,18,1
MERCH_11190,F,1,3,2.23,8614.17,30,1
MERCH_11191,F,0,1,0.41,2000.94,27,1
MERCH_11192,F,1,1,0.53,8277.58,30,1
MERCH_11193,F,0,4,2.59,5155.56,21,1
MERCH_11194,F,1,0,0.0,8380.3,16,1
MERCH_11195,M,1,1,0.79,19623.08,17,0
MERCH_11196,M,0,2,1.67,2950.29,18,0
MERCH_11197,M,1,2,1.41,11473.2,34,0
MERCH_11198,M,2,3,2.28,8506.87,21,1
MERCH_11199,F,2,2,1.69,3624.2,12,0
MERCH_11200,M,0,10,7.96,3890.73,31,1
MERCH_11201,F,0,2,1.85,1439.97,10,0
MERCH_11202,F,1,4,3.52,20712.38,4,1
MERCH_11203,F,0,4,1.97,2094.1,15,0
MERCH_11204,F,2,1,0.92,12117.62,28,1
MERCH_11205,M,0,5,2.56,6978.73,7,1
MERCH_11206,M,0,1,0.95,2323.93,11,0
MERCH_11207,F,0,4,3.14,6329.57,29,1
MERCH_11208,F,0,5,3.73,3940.71,34,1
MERCH_11209,M,1,3,1.74,4184.65,30,1
MERCH_11210,F,0,4,1.89,5272.68,27,1
MERCH_11211,F,0,4,1.88,9724.33,25,1
MERCH_11212,F,0,5,4.38,2765.85,23,1
MERCH_11213,M,1,3,1.91,30094.42,29,0
MERCH_11214,M,0,5,3.54,4005.56,11,1
MERCH_11215,F,1,0,0.0,7790.74,4,0
MERCH_11216,F,1,2,1.08,5358.15,31,1
MERCH_11217,M,1,3,2.46,18562.36,10,1
MERCH_11218,M,2,4,2.64,3470.51,16,0
MERCH_11219,F,2,1,0.52,4865.86,30,1
MERCH_11220,M,2,2,1.74,12263.36,35,0
MERCH_11221,F,0,1,0.77,2810.23,17,1
MERCH_11222,F,0,3,1.36,1379.79,5,0
MERCH_11223,M,0,3,2.09,1725.44,3,1
MERCH_11224,F,2,2,1.74,10753.01,16,0
MERCH_11225,F,2,0,0.0,35222.1,4,0
MERCH_11226,F,2,2,1.26,5113.47,9,0
MERCH_11227,F,0,6,5.06,3206.93,4,0
MERCH_11228,M,2,0,0.0,16223.35,21,0
MERCH_11229,F,0,9,7.44,3354.6,10,1
MERCH_11230,M,0,5,2.84,2142.2,31,1
MERCH_11231,F,0,5,3.39,2113.06,17,1
MERCH_11232,F,0,6,4.85,5683.19,16,1
MERCH_11233,F,1,1,0.48,1032.15,6,1
MERCH_11234,M,0,5,3.64,2791.65,30,1
MERCH_11235,F,0,5,3.98,1912.17,15,1
MERCH_11236,M,1,6,5.2,1689.65,31,1
MERCH_11237,F,2,5,2.31,7768.54,30,1
MERCH_11238,M,1,0,0.0,4517.37,16,1
MERCH_11239,F,0,3,2.09,977.46,2,0
MERCH_11240,M,1,2,1.57,18418.29,28,0
MERCH_11241,M,2,1,0.8,3430.16,17,0
MERCH_11242,M,0,2,1.08,895.13,32,0
MERCH_11243,M,1,3,1.22,2020.85,25,1
MERCH_11244,M,0,6,4.69,3098.99,13,0
MERCH_11245,F,0,5,4.5,3358.86,14,1
MERCH_11246,F,1,1,0.84,28538.38,25,0
MERCH_11247,F,2,3,2.23,5826.04,35,1
MERCH_11248,M,0,2,1.88,1688.75,29,1
MERCH_11249,F,1,1,0.64,2594.72,15,1
MERCH_11250,M,2,1,0.69,10503.6,15,0
MERCH_11251,F,2,3,1.22,1935.91,17,1
MERCH_11252,F,0,3,2.76,1487.7,25,1
MERCH_11253,F,2,5,3.6,8908.7,23,0
MERCH_11254,M,0,5,3.07,1537.8,32,1
MERCH_11255,F,1,0,0.0,4502.37,31,1
MERCH_11256,F,0,5,3.0,1279.58,23,1
MERCH_11257,F,0,7,2.81,6384.7,17,1
MERCH_11258,F,1,4,2.31,4296.87,29,1
MERCH_11259,F,0,3,2.77,3535.08,2,1
MERCH_11260,F,0,4,1.94,1351.54,11,1
MERCH_11261,M,0,10,7.0,1670.81,16,1
MERCH_11262,F,1,0,0.0,7526.11,17,0
MERCH_11263,F,0,3,2.49,5989.93,21,1
MERCH_11264,F,1,1,0.71,768.69,21,1
MERCH_11265,F,0,4,2.04,5509.32,6,1
MERCH_11266,F,0,5,4.38,1130.39,23,1
MERCH_11267,F,0,13,10.81,2760.85,32,1
MERCH_11268,F,0,3,2.77,2298.87,29,1
MERCH_11269,F,0,8,3.2,784.15,31,1
MERCH_11270,M,0,10,6.51,1512.44,25,1
MERCH_11271,M,2,0,0.0,6915.77,2,0
MERCH_11272,M,1,1,0.85,2149.47,22,1
MERCH_11273,F,0,8,6.86,4726.32,15,1
MERCH_11274,F,0,4,2.97,2519.79,6,0
MERCH_11275,F,2,1,0.79,4699.71,33,1
MERCH_11276,F,0,4,3.37,1862.77,11,0
MERCH_11277,M,0,2,0.9,4706.08,12,0
MERCH_11278,F,1,3,2.34,16439.09,24,1
MERCH_11279,F,1,1,0.85,3615.11,3,1
MERCH_11280,F,1,2,0.84,2566.54,30,1
MERCH_11281,M,0,5,2.82,3870.03,19,0
MERCH_11282,F,0,5,2.89,966.78,7,0
MERCH_11283,F,1,0,0.0,10093.46,12,0
MERCH_11284,F,0,7,5.8,1090.87,29,1
MERCH_11285,F,1,0,0.0,3252.08,8,1
MERCH_11286,F,1,4,3.37,1675.62,21,0
MERCH_11287,F,0,5,3.25,7954.21,13,1
MERCH_11288,F,2,2,1.76,16507.38,27,0
MERCH_11289,F,1,2,1.06,5784.64,4,1
MERCH_11290,F,1,3,2.36,8601.2,32,0
MERCH_11291,F,0,5,2.66,2805.87,24,1
MERCH_11292,F,0,8,3.38,8041.73,9,1
MERCH_11293,M,0,4,2.23,3244.6,10,0
MERCH_11294,M,0,5,3.36,4403.4,11,1
MERCH_11295,F,2,1,0.86,18346.55,33,1
MERCH_11296,F,0,3,2.04,1180.01,7,1
MERCH_11297,F,0,5,2.49,1349.74,11,1
MERCH_11298,F,0,6,5.68,5487.85,28,1
MERCH_11299,M,1,4,2.19,5624.56,30,0
MERCH_11300,F,0,2,1.88,1039.77,8,0
MERCH_11301,M,0,2,1.83,2687.28,27,1
MERCH_11302,F,0,1,0.7,5371.29,22,0
MERCH_11303,F,2,1,0.45,25810.28,32,0
MERCH_11304,M,0,8,6.26,6990.61,14,1
MERCH_11305,M,2,1,0.87,546.53,26,0
MERCH_11306,M,1,1,0.64,5767.32,11,0
MERCH_11307,M,0,5,2.66,811.54,7,0
MERCH_11308,F,1,2,1.68,3694.2,30,1
MERCH_11309,M,0,3,2.1,2759.74,2,0
MERCH_11310,F,2,1,0.51,8241.68,35,1
MERCH_11311,M,1,0,0.0,570.18,26,1
MERCH_11312,F,0,6,5.53,1237.16,25,1
MERCH_11313,M,0,6,3.61,7315.38,1,1
MERCH_11314,F,0,3,1.31,645.46,29,1
MERCH_11315,F,2,3,2.24,16157.45,24,0
MERCH_11316,F,0,7,4.02,1584.56,1,1
MERCH_11317,M,1,1,0.44,7188.03,25,0
MERCH_11318,F,0,0,0.0,5868.02,34,0
MERCH_11319,F,2,2,1.9,6010.29,5,1
MERCH_11320,F,0,6,3.56,7623.99,12,1
MERCH_11321,F,1,2,1.62,1866.06,8,1
MERCH_11322,M,0,8,3.49,4650.29,14,0
MERCH_11323,F,1,3,1.81,12735.71,20,0
MERCH_11324,M,0,6,2.76,7052.3,9,1
MERCH_11325,F,0,3,1.29,3737.36,5,1
MERCH_11326,F,0,2,1.45,2171.5,1,0
MERCH_11327,M,1,1,0.84,3475.1,11,1
MERCH_11328,M,0,6,3.89,1866.77,4,1
MERCH_11329,F,1,2,1.38,1637.89,17,1
MERCH_11330,F,0,1,0.55,4477.86,4,0
MERCH_11331,M,2,0,0.0,7149.29,32,1
MERCH_11332,F,2,4,2.39,6375.56,5,1
MERCH_11333,M,1,0,0.0,5264.03,22,0
MERCH_11334,M,0,3,1.47,4076.83,14,1
MERCH_11335,M,0,6,2.82,2113.3,21,1
MERCH_11336,F,0,1,0.64,2573.97,18,1
MERCH_11337,M,0,4,1.74,2538.48,3,1
MERCH_11338,F,1,1,0.84,11103.59,11,0
MERCH_11339,F,1,2,1.8,10510.73,27,0
MERCH_11340,F,2,1,0.54,17576.94,25,1
MERCH_11341,F,0,2,1.33,5354.19,35,0
MERCH_11342,M,1,1,0.69,5196.45,15,0
MERCH_11343,M,0,3,2.83,8382.99,21,1
MERCH_11344,M,1,3,1.31,10407.61,3,0
MERCH_11345,F,0,3,2.3,9605.06,24,1
MERCH_11346,F,0,6,3.54,3134.27,5,1
MERCH_11347,F,0,4,2.7,1872.45,33,1
MERCH_11348,M,1,3,1.56,4646.57,24,1
MERCH_11349,F,2,1,0.49,1488.16,6,0
MERCH_11350,M,0,6,3.2,2935.58,7,1
MERCH_11351,F,0,3,1.32,3054.82,19,1
MERCH_11352,F,0,5,2.76,2415.55,21,1
MERCH_11353,M,1,1,0.78,9825.9,6,0
MERCH_11354,F,0,9,6.82,734.0,3,1
MERCH_11355,M,1,1,0.7,6776.84,14,0
MERCH_11356,M,2,4,1.6,2769.36,20,1
MERCH_11357,F,2,2,0.94,10046.18,14,1
MERCH_11358,F,0,8,6.91,2777.71,2,1
MERCH_11359,F,2,4,2.2,15958.77,25,1
MERCH_11360,M,1,3,2.71,5755.62,4,1
MERCH_11361,F,0,4,3.52,5296.71,33,1
MERCH_11362,F,1,1,0.49,6736.15,2,1
MERCH_11363,F,1,4,3.58,12093.42,23,1
MERCH_11364,M,0,6,4.47,1286.18,21,0
MERCH_11365,F,0,6,4.48,2543.91,15,1
MERCH_11366,M,0,1,0.87,2342.9,24,0
MERCH_11367,M,1,2,1.25,16608.62,20,0
MERCH_11368,F,0,3,2.41,2337.96,25,1
MERCH_11369,F,2,2,1.53,7073.23,22,0
MERCH_11370,M,1,2,1.65,27405.47,4,0
MERCH_11371,F,1,1,0.76,13511.1,16,0
MERCH_11372,M,0,3,1.33,1983.57,7,0
MERCH_11373,F,1,3,1.68,11239.82,24,1
MERCH_11374,F,0,2,1.83,4814.3,34,1
MERCH_11375,M,0,2,1.05,2709.77,29,1
MERCH_11376,F,1,2,1.32,13152.72,26,0
MERCH_11377,F,0,5,2.98,2540.03,14,1
MERCH_11378,F,1,2,0.89,16692.2,20,1
MERCH_11379,F,0,4,2.0,413.29,7,1
MERCH_11380,F,0,8,4.46,1120.13,18,1
MERCH_11381,F,0,2,1.31,1791.72,10,1
MERCH_11382,M,2,1,0.88,13130.19,30,0
MERCH_11383,F,1,2,1.37,9755.79,3,0
MERCH_11384,M,1,1,0.76,4005.21,1,0
MERCH_11385,F,0,6,3.81,2785.43,30,1
MERCH_11386,M,0,5,4.39,436.08,2,1
MERCH_11387,F,2,1,0.76,1952.35,15,1
MERCH_11388,M,0,7,3.15,561.2,11,1
MERCH_11389,F,0,3,1.99,948.68,32,1
MERCH_11390,F,1,2,1.71,12728.56,6,1
MERCH_11391,F,0,4,3.21,3338.66,6,1
MERCH_11392,F,1,1,0.9,6101.31,28,1
MERCH_11393,F,1,2,1.05,13021.23,25,0
MERCH_11394,F,0,6,5.62,5808.73,23,1
MERCH_11395,M,0,3,1.67,987.42,12,1
MERCH_11396,F,0,6,2.57,5427.2,10,1
MERCH_11397,F,2,2,1.35,3978.23,17,0
MERCH_11398,F,1,2,0.92,4604.08,2,1
MERCH_11399,M,0,2,1.55,7952.28,17,1
MERCH_11400,F,0,5,4.48,2861.72,9,1
MERCH_11401,F,1,1,0.91,5165.49,7,0
MERCH_11402,F,1,3,2.2,11430.72,13,0
MERCH_11403,M,0,4,2.78,4720.12,10,1
MERCH_11404,M,0,5,4.73,2887.36,22,1
MERCH_11405,F,0,5,3.59,1722.91,28,0
MERCH_11406,M,1,1,0.91,9705.27,14,1
MERCH_11407,M,2,3,2.71,11966.75,19,0
MERCH_11408,F,0,3,1.68,2277.69,1,1
MERCH_11409,M,1,2,0.82,22904.56,27,0
MERCH_11410,F,0,3,1.92,3135.3,4,1
MERCH_11411,F,0,2,1.75,4539.84,24,0
MERCH_11412,F,0,5,4.3,4635.36,14,1
MERCH_11413,F,1,0,0.0,2029.69,23,1
MERCH_11414,F,0,6,2.92,3824.15,5,1
MERCH_11415,M,1,3,1.38,12291.64,20,0
MERCH_11416,F,0,3,2.78,1699.28,22,1
MERCH_11417,F,0,1,0.63,1488.41,35,0
MERCH_11418,F,0,2,1.51,665.4,5,0
MERCH_11419,M,1,1,0.9,18511.14,33,1
MERCH_11420,F,0,6,5.27,1270.86,24,1
MERCH_11421,F,1,2,1.42,2086.66,34,1
MERCH_11422,F,0,7,4.68,1961.47,25,1
MERCH_11423,F,0,4,3.22,1084.75,25,1
MERCH_11424,M,0,2,1.18,684.05,22,1
MERCH_11425,M,0,4,2.98,10178.22,5,1
MERCH_11426,F,0,4,1.65,1026.1,8,1
MERCH_11427,M,0,3,2.56,1340.34,27,1
MERCH_11428,F,1,1,0.95,8336.01,35,0
MERCH_11429,M,1,1,0.93,2020.47,1,0
MERCH_11430,F,0,3,1.79,2359.59,20,1
MERCH_11431,F,0,4,2.77,3917.93,7,0
MERCH_11432,F,0,5,2.65,2996.51,3,1
MERCH_11433,M,0,6,3.4,3479.12,9,1
MERCH_11434,F,0,6,3.91,2294.75,14,1
MERCH_11435,F,2,1,0.81,5244.63,19,0
MERCH_11436,F,0,2,0.82,3525.36,27,0
MERCH_11437,M,0,3,1.85,3352.04,6,1
MERCH_11438,F,0,6,4.24,985.49,7,1
MERCH_11439,M,0,6,3.11,2748.27,26,1
MERCH_11440,M,1,2,0.89,7244.33,13,1
MERCH_11441,F,0,6,4.18,3989.04,33,1
MERCH_11442,M,0,4,3.0,3216.02,33,1
MERCH_11443,F,1,0,0.0,17283.39,9,0
MERCH_11444,M,0,2,1.19,4765.87,15,1
MERCH_11445,F,1,3,1.59,15482.76,5,0
MERCH_11446,M,1,2,1.04,12205.95,29,0
MERCH_11447,M,0,1,0.42,5001.62,7,0
MERCH_11448,M,1,1,0.5,5629.49,31,0
MERCH_11449,M,0,5,4.25,4636.34,34,0
MERCH_11450,F,1,3,1.21,7274.02,11,1
MERCH_11451,F,0,2,0.85,697.99,19,1
MERCH_11452,M,0,5,2.35,4591.42,5,1
MERCH_11453,F,1,6,3.79,9041.27,23,0
MERCH_11454,F,2,2,1.17,19319.57,2,0
MERCH_11455,M,2,1,0.5,8173.15,4,0
MERCH_11456,M,1,2,0.92,3924.85,17,1
MERCH_11457,M,0,3,2.75,1605.37,31,1
MERCH_11458,F,0,5,4.51,2126.23,30,1
MERCH_11459,M,0,2,1.65,3079.4,2,1
MERCH_11460,F,0,6,3.23,5050.4,24,0
MERCH_11461,M,0,1,0.58,3032.06,10,0
MERCH_11462,F,2,1,0.77,2897.04,28,1
MERCH_11463,M,0,4,2.24,3107.61,32,1
MERCH_11464,M,0,5,3.46,5601.72,33,1
MERCH_11465,F,0,5,3.79,2770.41,18,1
MERCH_11466,M,1,2,1.37,10385.81,24,0
MERCH_11467,F,1,4,2.51,7088.42,30,0
MERCH_11468,M,1,3,1.77,7041.75,5,0
MERCH_11469,M,0,6,4.97,5184.5,23,1
MERCH_11470,F,1,1,0.81,12979.81,30,0
MERCH_11471,M,0,8,6.26,10703.19,4,1
MERCH_11472,M,2,1,0.61,5248.97,24,0
MERCH_11473,F,1,5,4.13,4374.32,3,0
MERCH_11474,F,0,8,7.41,723.19,15,1
MERCH_11475,M,0,6,4.67,2109.42,1,0
MERCH_11476,M,1,3,1.87,7344.14,10,0
MERCH_11477,M,0,2,1.68,1402.34,26,1
MERCH_11478,M,2,3,2.21,10572.9,12,0
MERCH_11479,F,0,5,4.41,4386.86,1,1
MERCH_11480,M,0,13,10.3,3412.1,2,1
MERCH_11481,F,0,3,2.47,1072.38,11,0
MERCH_11482,F,0,7,5.37,1493.8,12,1
MERCH_11483,F,0,2,0.9,2679.34,28,1
MERCH_11484,F,0,4,2.67,5414.01,33,0
MERCH_11485,F,1,1,0.43,6826.47,3,0
MERCH_11486,F,0,2,1.29,344.78,19,1
MERCH_11487,M,2,0,0.0,6282.57,18,0
MERCH_11488,F,1,1,0.63,7672.64,28,1
MERCH_11489,F,1,0,0.0,20684.56,31,0
MERCH_11490,F,0,3,1.81,340.65,7,1
MERCH_11491,F,0,3,1.31,4409.7,5,0
MERCH_11492,F,0,2,1.66,733.92,19,1
MERCH_11493,F,1,0,0.0,5369.99,13,0
MERCH_11494,F,2,6,5.06,10000.56,28,1
MERCH_11495,M,0,5,2.08,4810.78,2,0
MERCH_11496,F,0,5,2.09,1505.8,6,0
MERCH_11497,F,2,3,2.69,5517.6,15,1
MERCH_11498,F,0,5,2.34,2252.58,28,1
MERCH_11499,M,1,2,1.54,4306.46,25,1
MERCH_11500,F,1,4,3.35,19351.88,32,1
MERCH_11501,F,1,1,0.65,9010.06,30,0
MERCH_11502,F,0,2,1.4,4157.02,24,1
MERCH_11503,F,0,9,4.73,2273.76,18,1
MERCH_11504,F,1,1,0.91,6777.24,1,1
MERCH_11505,F,2,2,1.13,15325.34,3,0
MERCH_11506,F,0,4,2.08,2539.3,7,1
MERCH_11507,F,0,4,2.76,3709.65,33,0
MERCH_11508,F,1,1,0.5,5828.99,21,0
MERCH_11509,M,2,0,0.0,4616.57,14,1
MERCH_11510,M,1,0,0.0,8751.82,3,0
MERCH_11511,M,2,1,0.48,3913.42,25,0
MERCH_11512,M,0,4,1.75,618.73,33,1
MERCH_11513,F,0,10,4.75,1954.76,13,1
MERCH_11514,F,1,2,0.95,22369.69,33,0
MERCH_11515,F,1,2,1.14,10876.37,29,0
MERCH_11516,F,0,1,0.86,1716.62,19,1
MERCH_11517,M,0,4,1.73,3731.37,26,1
MERCH_11518,F,1,0,0.0,16837.11,9,0
MERCH_11519,M,0,6,3.4,1418.14,30,1
MERCH_11520,F,0,5,3.52,3726.94,22,0
MERCH_11521,M,1,2,1.64,5748.14,4,1
MERCH_11522,F,1,2,1.81,18110.18,7,1
MERCH_11523,F,1,0,0.0,5092.85,18,0
MERCH_11524,F,0,3,1.37,1867.86,6,1
MERCH_11525,F,1,0,0.0,10358.26,29,0
MERCH_11526,F,1,2,1.12,3781.23,5,1
MERCH_11527,F,1,1,0.83,3578.31,6,1
MERCH_11528,M,1,1,0.78,17611.39,34,0
MERCH_11529,F,0,4,2.06,5117.52,34,0
MERCH_11530,F,0,3,2.58,4251.78,1,0
MERCH_11531,F,0,2,1.75,1508.26,18,1
MERCH_11532,M,0,5,4.43,2612.94,27,1
MERCH_11533,F,1,1,0.55,8590.49,10,1
MERCH_11534,F,1,3,1.42,21475.46,2,0
MERCH_11535,F,1,1,0.46,7373.87,19,0
MERCH_11536,F,1,1,0.62,4189.61,27,1
MERCH_11537,M,0,4,2.54,3996.29,22,1
MERCH_11538,F,0,5,4.39,2910.87,10,1
MERCH_11539,F,0,6,3.28,4364.78,27,1
MERCH_11540,M,0,4,2.98,6369.22,12,0
MERCH_11541,F,0,5,4.17,6628.42,15,0
MERCH_11542,F,1,1,0.55,4979.06,1,1
MERCH_11543,F,2,2,1.09,5861.81,24,0
MERCH_11544,M,0,3,2.3,260.58,6,1
MERCH_11545,F,0,5,4.0,1378.47,29,1
MERCH_11546,M,1,1,0.93,7235.01,6,0
MERCH_11547,F,0,3,2.6,5956.28,15,0
MERCH_11548,F,1,3,2.56,7039.29,8,0
MERCH_11549,F,1,2,1.56,14439.51,29,0
MERCH_11550,M,2,1,0.47,4734.35,2,0
MERCH_11551,F,0,8,6.76,1005.6,11,1
MERCH_11552,M,1,3,2.74,7677.55,9,0
MERCH_11553,M,0,5,3.07,3166.11,16,1
MERCH_11554,F,1,1,0.57,4198.58,24,0
MERCH_11555,F,0,1,0.69,873.61,34,1
MERCH_11556,F,0,3,2.78,1722.12,24,1
MERCH_11557,F,1,1,0.43,11907.73,25,0
MERCH_11558,M,1,1,0.79,7659.97,33,1
MERCH_11559,M,1,5,4.24,3478.56,17,1
MERCH_11560,F,1,5,4.17,3931.1,7,1
MERCH_11561,F,1,2,1.42,12870.64,27,0
MERCH_11562,M,0,3,2.72,2214.36,19,1
MERCH_11563,F,1,2,0.95,2027.22,15,1
MERCH_11564,M,1,2,1.07,16541.11,6,1
MERCH_11565,F,2,0,0.0,2159.99,5,1
MERCH_11566,M,2,2,0.81,14992.24,5,0
MERCH_11567,F,0,1,0.6,1612.78,2,1
MERCH_11568,F,1,4,1.95,3301.72,18,0
MERCH_11569,F,0,3,2.4,2828.43,32,1
MERCH_11570,F,0,12,7.54,2108.13,29,1
MERCH_11571,F,1,2,1.57,5099.21,20,0
MERCH_11572,M,0,4,2.25,2943.09,19,1
MERCH_11573,M,1,2,0.95,2455.61,16,1
MERCH_11574,F,0,2,0.95,2707.23,11,0
MERCH_11575,F,0,5,2.56,2852.7,28,1
MERCH_11576,F,1,3,1.39,4808.04,22,0
MERCH_11577,F,1,1,0.52,165.74,27,1
MERCH_11578,F,2,1,0.72,6554.66,17,1
MERCH_11579,F,1,0,0.0,6402.24,8,0
MERCH_11580,F,1,2,1.18,5898.67,8,0
MERCH_11581,F,0,4,1.72,475.62,23,1
MERCH_11582,F,0,4,3.56,2728.83,32,1
MERCH_11583,F,0,4,1.9,4618.89,15,1
MERCH_11584,M,1,1,0.59,6111.12,27,1
MERCH_11585,F,1,2,1.22,2483.22,4,0
MERCH_11586,M,0,6,4.95,3410.71,32,1
MERCH_11587,F,1,4,2.66,19377.38,10,0
MERCH_11588,F,1,1,0.61,3461.56,28,0
MERCH_11589,M,0,6,4.7,1190.33,32,1
MERCH_11590,M,0,3,2.19,5614.53,32,1
MERCH_11591,M,1,0,0.0,6543.13,15,1
MERCH_11592,F,1,3,1.72,1306.59,6,1
MERCH_11593,F,2,3,2.81,23424.91,9,1
MERCH_11594,M,0,3,2.0,160.4,30,1
MERCH_11595,F,2,5,3.17,1091.41,16,1
MERCH_11596,F,0,2,0.96,892.1,25,0
MERCH_11597,F,0,5,4.31,4068.79,10,1
MERCH_11598,F,2,1,0.47,12947.09,30,0
MERCH_11599,M,0,2,0.92,705.43,9,1
MERCH_11600,F,1,1,0.64,3684.83,7,1
MERCH_11601,F,0,5,3.2,3087.18,12,1
MERCH_11602,F,1,4,3.76,19195.97,17,1
MERCH_11603,F,2,2,0.94,418.94,25,1
MERCH_11604,F,0,5,3.33,387.77,7,0
MERCH_11605,F,1,2,1.02,4824.79,19,1
MERCH_11606,F,0,6,4.72,586.5,17,1
MERCH_11607,M,1,0,0.0,16174.4,32,0
MERCH_11608,F,0,6,4.54,2314.26,23,1
MERCH_11609,F,0,3,1.76,5066.73,32,1
MERCH_11610,M,0,3,2.13,3114.82,26,1
MERCH_11611,M,0,5,3.29,3970.21,8,0
MERCH_11612,F,2,3,1.82,4153.14,22,0
MERCH_11613,F,0,2,1.39,321.86,8,1
MERCH_11614,F,0,4,2.44,2089.86,5,1
MERCH_11615,M,0,4,3.37,4643.3,12,0
MERCH_11616,M,0,6,4.03,7660.66,27,1
MERCH_11617,M,1,2,1.79,5930.7,20,1
MERCH_11618,F,2,3,1.57,12265.69,11,1
MERCH_11619,M,0,5,2.31,1361.94,2,1
MERCH_11620,F,2,3,1.83,5196.84,10,1
MERCH_11621,F,1,2,1.0,6836.63,7,0
MERCH_11622,F,0,7,4.31,6750.59,12,1
MERCH_11623,M,1,5,2.57,11951.03,16,0
MERCH_11624,F,1,2,1.76,10756.03,31,0
MERCH_11625,M,1,1,0.71,19527.56,27,0
MERCH_11626,F,2,2,1.35,3670.4,32,1
MERCH_11627,F,0,10,8.33,1960.6,27,1
MERCH_11628,F,2,1,0.47,10816.62,25,1
MERCH_11629,F,1,5,4.36,4580.32,5,1
MERCH_11630,M,0,9,5.99,1886.34,4,1
MERCH_11631,F,1,2,0.95,8725.6,15,1
MERCH_11632,M,0,1,0.85,2348.09,13,0
MERCH_11633,M,2,1,0.65,2818.1,33,1
MERCH_11634,M,1,2,1.47,4039.1,5,0
MERCH_11635,F,0,6,5.35,930.21,6,1
MERCH_11636,F,0,5,4.45,4080.44,25,1
MERCH_11637,F,1,0,0.0,3918.41,25,1
MERCH_11638,M,0,9,5.66,3618.27,10,1
MERCH_11639,M,0,2,1.62,2725.48,12,0
MERCH_11640,F,0,6,3.17,2389.82,3,1
MERCH_11641,M,0,1,0.86,784.23,29,1
MERCH_11642,F,0,2,1.18,2702.22,29,1
MERCH_11643,F,0,9,5.9,3357.47,24,1
MERCH_11644,F,0,4,3.56,4100.73,24,1
MERCH_11645,M,1,1,0.84,2758.64,25,1
MERCH_11646,F,1,1,0.92,6046.32,5,0
MERCH_11647,M,0,3,1.8,4856.17,11,0
MERCH_11648,M,0,3,1.45,4503.32,22,1
MERCH_11649,M,1,1,0.9,6840.05,15,0
MERCH_11650,F,0,1,0.67,760.39,9,1
MERCH_11651,F,0,6,5.34,4260.42,6,1
MERCH_11652,F,0,8,6.42,2431.23,26,1
MERCH_11653,F,1,4,3.52,3311.72,6,0
MERCH_11654,F,1,0,0.0,6212.02,32,1
MERCH_11655,M,1,3,2.54,2341.51,20,1
MERCH_11656,F,1,5,2.33,12726.35,35,1
MERCH_11657,F,1,1,0.93,1359.87,3,0
MERCH_11658,F,0,9,4.5,5089.27,18,1
MERCH_11659,F,1,3,1.24,8934.95,35,1
MERCH_11660,F,0,4,2.77,793.59,10,1
MERCH_11661,F,1,1,0.79,5763.61,30,1
MERCH_11662,M,1,1,0.79,5266.31,26,1
MERCH_11663,F,1,1,0.59,3528.52,30,0
MERCH_11664,M,0,9,7.33,2773.86,31,1
MERCH_11665,M,0,6,5.18,6575.56,4,1
MERCH_11666,F,1,2,1.47,3818.21,24,1
MERCH_11667,M,1,7,4.29,7744.88,1,0
MERCH_11668,F,2,3,2.21,7373.96,26,1
MERCH_11669,M,0,4,3.5,2752.47,29,1
MERCH_11670,F,1,2,1.79,536.2,9,1
MERCH_11671,M,1,1,0.42,16009.2,32,1
MERCH_11672,M,2,0,0.0,31195.95,18,0
MERCH_11673,M,1,0,0.0,7255.57,24,1
MERCH_11674,M,1,1,0.67,12082.66,18,1
MERCH_11675,F,1,2,1.28,9807.17,8,0
MERCH_11676,F,1,1,0.7,2698.2,11,0
MERCH_11677,F,2,2,1.55,6830.02,35,1
MERCH_11678,F,0,5,3.01,1361.85,24,1
MERCH_11679,M,0,0,0.0,2107.32,13,1
MERCH_11680,F,2,2,1.23,7551.08,31,1
MERCH_11681,M,1,3,1.21,7964.85,30,0
MERCH_11682,F,1,1,0.86,3795.2,29,0
MERCH_11683,M,0,4,2.44,2662.33,6,1
MERCH_11684,F,0,4,2.97,2169.39,3,1
MERCH_11685,M,1,2,1.16,15166.38,28,0
MERCH_11686,M,1,1,0.74,11687.01,10,0
MERCH_11687,F,0,6,4.18,4441.44,34,1
MERCH_11688,F,0,8,4.12,4667.33,1,1
MERCH_11689,M,1,0,0.0,3225.23,12,0
MERCH_11690,F,0,2,0.92,3775.39,32,0
MERCH_11691,F,2,2,1.33,3098.53,11,1
MERCH_11692,F,0,2,1.59,6039.39,1,1
MERCH_11693,F,1,3,2.11,11172.47,6,0
MERCH_11694,F,2,3,2.43,2911.15,27,1
MERCH_11695,F,1,2,1.1,8187.73,15,1
MERCH_11696,F,0,4,1.71,1200.98,10,0
MERCH_11697,F,1,4,1.72,4971.43,24,1
MERCH_11698,M,0,8,4.38,3063.37,8,1
MERCH_11699,F,0,3,1.87,1489.36,17,1
MERCH_11700,M,2,1,0.7,5901.22,24,0
MERCH_11701,F,1,1,0.82,14217.15,13,0
MERCH_11702,F,1,2,1.72,6333.0,9,0
MERCH_11703,F,0,7,5.47,1089.72,6,1
MERCH_11704,F,0,5,3.27,390.63,29,1
MERCH_11705,F,0,3,1.64,3917.84,23,1
MERCH_11706,F,1,1,0.64,11616.74,22,1
MERCH_11707,F,1,3,1.65,8218.64,21,0
MERCH_11708,F,1,1,0.74,28487.29,17,0
MERCH_11709,M,1,2,1.7,5697.22,34,1
MERCH_11710,F,0,1,0.69,5110.31,26,0
MERCH_11711,F,0,4,1.7,1365.94,25,1
MERCH_11712,M,0,2,1.83,4074.09,3,0
MERCH_11713,F,0,3,1.69,942.71,3,0
MERCH_11714,F,0,1,0.9,4012.28,14,1
MERCH_11715,M,2,1,0.85,5919.31,10,0
MERCH_11716,F,0,1,0.63,3454.69,2,1
MERCH_11717,M,2,4,1.72,8469.21,7,0
MERCH_11718,M,0,3,2.76,3827.71,14,0
MERCH_11719,F,2,3,2.29,1062.91,17,1
MERCH_11720,F,1,1,0.54,6468.64,10,1
MERCH_11721,F,2,3,2.08,14715.53,35,1
MERCH_11722,F,0,4,3.0,5378.45,27,1
MERCH_11723,F,1,0,0.0,10029.24,3,0
MERCH_11724,M,2,1,0.45,15097.7,25,0
MERCH_11725,F,0,3,1.64,2079.63,7,0
MERCH_11726,F,0,6,2.56,1420.18,13,1
MERCH_11727,M,0,5,2.19,2581.05,25,1
MERCH_11728,M,2,1,0.49,8561.44,29,0
MERCH_11729,F,1,1,0.49,9605.13,19,0
MERCH_11730,F,1,0,0.0,7287.79,22,0
MERCH_11731,F,0,3,2.75,2458.9,2,1
MERCH_11732,F,0,4,2.87,4182.62,22,1
MERCH_11733,F,1,3,1.9,3532.13,35,0
MERCH_11734,F,0,7,4.97,2824.03,34,1
MERCH_11735,M,1,1,0.4,10041.58,5,0
MERCH_11736,F,2,1,0.89,4489.46,27,1
MERCH_11737,F,0,3,2.08,1941.36,18,1
MERCH_11738,F,1,2,1.3,20151.82,3,1
MERCH_11739,F,0,4,3.67,2725.87,21,1
MERCH_11740,M,1,0,0.0,34134.84,24,0
MERCH_11741,M,0,6,3.51,2577.88,26,1
MERCH_11742,M,1,1,0.91,13011.6,20,0
MERCH_11743,F,0,3,2.61,628.6,13,1
MERCH_11744,F,0,1,0.92,351.66,6,0
MERCH_11745,F,1,6,2.72,3125.57,26,1
MERCH_11746,F,0,4,3.7,4718.53,30,1
MERCH_11747,F,1,2,1.4,5919.92,14,1
MERCH_11748,M,0,7,5.39,599.72,30,1
MERCH_11749,F,1,2,1.03,7623.18,15,1
MERCH_11750,F,0,4,1.91,4407.82,19,0
MERCH_11751,F,1,2,0.89,3461.39,11,0
MERCH_11752,F,0,2,1.26,4597.24,20,0
MERCH_11753,F,0,5,2.61,780.97,25,1
MERCH_11754,M,0,1,0.44,4327.23,30,0
MERCH_11755,M,1,0,0.0,4243.8,23,0
MERCH_11756,M,0,5,4.02,5681.94,17,1
MERCH_11757,F,2,2,1.37,19344.66,1,0
MERCH_11758,F,2,3,2.43,9693.73,14,0
MERCH_11759,F,0,10,7.36,1503.62,18,1
MERCH_11760,F,1,3,1.49,35414.84,16,0
MERCH_11761,M,0,3,2.25,1321.8,10,1
MERCH_11762,F,0,2,1.55,7042.32,9,0
MERCH_11763,F,1,4,2.12,26316.78,14,1
MERCH_11764,F,1,1,0.58,9973.31,2,0
MERCH_11765,F,1,2,1.22,2825.85,21,0
MERCH_11766,M,0,4,2.93,3122.42,2,1
MERCH_11767,F,0,5,2.35,9676.3,6,1
MERCH_11768,F,0,3,2.43,1494.82,11,1
MERCH_11769,F,1,2,1.18,6925.47,3,0
MERCH_11770,F,1,2,1.56,790.09,11,1
MERCH_11771,M,1,2,1.83,6956.08,4,1
MERCH_11772,M,0,3,2.64,3945.46,15,1
MERCH_11773,M,0,7,5.64,1061.03,26,1
MERCH_11774,M,0,4,2.03,6856.68,15,1
MERCH_11775,F,0,2,1.61,686.63,22,0
MERCH_11776,M,0,2,1.5,1515.31,10,0
MERCH_11777,F,1,2,1.65,18047.95,20,0
MERCH_11778,F,2,2,1.76,6535.51,32,1
MERCH_11779,M,1,5,2.86,23619.91,9,1
MERCH_11780,F,0,5,3.77,398.19,31,0
MERCH_11781,M,0,8,4.41,1848.44,31,1
MERCH_11782,F,2,7,4.13,9559.32,28,1
MERCH_11783,F,0,7,4.8,9442.25,11,0
MERCH_11784,M,2,2,1.28,8265.25,4,0
MERCH_11785,M,0,5,3.65,3731.01,14,0
MERCH_11786,F,0,3,2.45,2438.43,29,1
MERCH_11787,F,2,6,4.4,6744.86,28,0
MERCH_11788,F,0,2,1.87,1496.85,25,1
MERCH_11789,F,1,1,0.81,10200.64,23,1
MERCH_11790,F,1,1,0.94,5962.91,33,1
MERCH_11791,M,0,11,8.9,3886.63,30,1
MERCH_11792,F,0,4,2.72,2720.69,9,1
MERCH_11793,M,1,2,1.25,5470.91,25,1
MERCH_11794,F,1,0,0.0,20758.57,18,0
MERCH_11795,F,0,5,3.89,1374.72,7,1
MERCH_11796,M,2,1,0.77,4664.73,24,1
MERCH_11797,F,0,4,3.19,224.96,21,1
MERCH_11798,F,0,4,3.52,2068.8,35,1
MERCH_11799,F,0,2,1.05,6558.8,11,1
MERCH_11800,M,0,8,5.69,6675.93,2,1
MERCH_11801,M,0,8,5.85,1687.84,15,1
MERCH_11802,F,2,1,0.56,10968.41,15,0
MERCH_11803,F,0,8,7.55,4253.19,5,1
MERCH_11804,F,0,4,3.33,639.57,16,0
MERCH_11805,M,0,4,2.31,5522.91,21,0
MERCH_11806,M,1,2,1.19,2295.71,9,1
MERCH_11807,F,2,1,0.8,5384.87,7,0
MERCH_11808,F,0,6,2.44,964.95,27,1
MERCH_11809,F,0,2,1.31,3169.25,17,0
MERCH_11810,M,0,4,2.35,1239.45,2,1
MERCH_11811,M,0,5,4.35,1500.1,26,1
MERCH_11812,F,0,5,4.18,4803.3,8,1
MERCH_11813,F,0,4,2.33,1659.02,16,0
MERCH_11814,F,0,4,3.5,2468.12,20,1
MERCH_11815,M,1,1,0.9,2261.25,32,1
MERCH_11816,F,0,1,0.7,530.17,32,1
MERCH_11817,M,2,1,0.49,8540.33,35,1
MERCH_11818,F,2,3,2.47,4803.29,15,0
MERCH_11819,F,1,3,1.73,23112.3,32,0
MERCH_11820,F,0,4,2.76,10083.01,30,1
MERCH_11821,F,0,2,0.85,824.68,19,1
MERCH_11822,F,0,1,0.68,552.78,24,1
MERCH_11823,M,1,2,1.22,23449.38,2,0
MERCH_11824,F,0,4,3.11,3471.26,21,1
MERCH_11825,F,2,2,0.84,8380.91,16,1
MERCH_11826,F,2,4,2.97,1867.97,2,0
MERCH_11827,M,0,6,4.95,9575.79,16,1
MERCH_11828,M,1,2,0.81,3584.99,29,1
MERCH_11829,F,0,1,0.81,4363.19,7,0
MERCH_11830,M,0,11,5.19,4202.34,15,1
MERCH_11831,F,0,5,3.92,497.67,23,1
MERCH_11832,F,0,7,4.55,1405.67,5,1
MERCH_11833,M,2,2,1.41,2029.15,1,1
MERCH_11834,M,0,4,2.34,291.42,5,1
MERCH_11835,M,0,3,1.61,2067.75,13,1
MERCH_11836,F,1,2,0.88,2309.49,26,1
MERCH_11837,F,1,4,3.5,3599.86,13,1
MERCH_11838,M,0,5,3.68,602.41,32,1
MERCH_11839,F,2,2,1.88,5577.86,29,1
MERCH_11840,F,1,0,0.0,22974.54,18,0
MERCH_11841,F,0,2,1.76,3121.44,2,1
MERCH_11842,F,0,4,2.92,1564.02,27,1
MERCH_11843,F,0,7,3.11,2325.27,3,1
MERCH_11844,M,1,1,0.9,8852.0,30,0
MERCH_11845,F,1,3,1.39,8959.52,10,1
MERCH_11846,F,1,0,0.0,5760.34,9,0
MERCH_11847,F,0,7,6.1,1328.53,3,1
MERCH_11848,M,0,2,1.32,4341.84,22,1
MERCH_11849,F,0,5,2.46,880.57,11,0
MERCH_11850,F,0,8,4.84,4391.09,6,1
MERCH_11851,M,1,0,0.0,5082.1,5,0
MERCH_11852,M,1,0,0.0,16675.65,30,0
MERCH_11853,M,0,4,3.16,1004.99,14,1
MERCH_11854,M,0,6,5.33,985.4,2,1
MERCH_11855,F,0,5,2.12,2539.6,33,1
MERCH_11856,M,0,4,2.21,1186.74,8,0
MERCH_11857,F,0,2,1.21,7868.96,10,0
MERCH_11858,M,0,4,1.63,1363.97,21,1
MERCH_11859,M,0,5,3.04,1089.27,19,1
MERCH_11860,M,0,4,1.8,3371.25,35,1
MERCH_11861,M,0,6,4.11,182.22,18,1
MERCH_11862,F,0,0,0.0,8214.01,7,0
MERCH_11863,F,1,2,1.1,11561.43,13,0
MERCH_11864,M,0,2,1.75,2966.45,12,1
MERCH_11865,M,2,5,2.59,3751.39,24,1
MERCH_11866,F,0,3,1.31,2176.25,18,1
MERCH_11867,F,0,5,2.69,1403.01,12,1
MERCH_11868,F,0,5,4.28,1650.86,3,1
MERCH_11869,M,0,1,0.72,4663.31,25,1
MERCH_11870,M,1,2,1.44,9599.32,35,1
MERCH_11871,F,0,6,2.4,1794.26,16,1
MERCH_11872,F,2,3,1.98,1354.38,13,1
MERCH_11873,M,2,1,0.55,31366.71,24,0
MERCH_11874,M,1,2,1.17,14071.22,12,0
MERCH_11875,F,1,1,0.73,4096.03,2,0
MERCH_11876,F,1,1,0.88,8347.67,26,1
MERCH_11877,F,0,3,1.5,1096.01,10,1
MERCH_11878,F,1,1,0.82,3970.2,19,1
MERCH_11879,F,0,4,1.71,1233.49,22,1
MERCH_11880,M,0,3,1.74,2633.35,24,1
MERCH_11881,M,0,5,2.6,1252.01,26,1
MERCH_11882,F,1,3,2.71,7637.82,5,1
MERCH_11883,M,2,2,1.0,18186.38,16,0
MERCH_11884,F,0,8,5.75,832.75,34,1
MERCH_11885,F,1,3,1.47,2512.71,28,1
MERCH_11886,F,0,7,4.62,7003.16,12,1
MERCH_11887,F,0,2,1.25,3921.98,21,1
MERCH_11888,M,0,4,1.69,2419.55,32,1
MERCH_11889,M,0,6,5.13,582.94,25,1
MERCH_11890,F,0,3,2.49,472.27,14,0
MERCH_11891,F,1,2,1.11,3234.05,35,0
MERCH_11892,M,1,0,0.0,8075.64,9,0
MERCH_11893,F,0,5,3.0,4953.86,30,1
MERCH_11894,F,0,7,5.76,2630.76,29,1
MERCH_11895,M,1,2,1.56,8278.05,31,0
MERCH_11896,F,1,2,0.9,16219.56,14,0
MERCH_11897,F,0,6,5.19,3351.52,17,0
MERCH_11898,F,0,6,2.99,1522.71,25,1
MERCH_11899,M,2,3,1.49,6891.18,27,1
MERCH_11900,F,1,1,0.8,15156.44,18,1
MERCH_11901,F,0,7,3.51,2950.99,29,1
MERCH_11902,M,0,6,2.8,7413.12,18,1
MERCH_11903,F,1,2,1.17,3828.09,4,1
MERCH_11904,M,0,1,0.86,917.39,20,1
MERCH_11905,F,2,0,0.0,9367.62,1,0
MERCH_11906,M,0,3,1.76,2581.53,24,1
MERCH_11907,F,1,1,0.56,2490.81,24,1
MERCH_11908,F,0,1,0.6,1418.92,5,0
MERCH_11909,F,0,10,7.93,6099.87,26,1
MERCH_11910,F,2,3,1.87,10378.12,18,0
MERCH_11911,M,0,3,2.45,1507.2,1,1
MERCH_11912,M,1,0,0.0,3129.34,10,0
MERCH_11913,F,0,2,1.2,1796.8,17,1
MERCH_11914,F,0,8,5.1,4863.81,35,1
MERCH_11915,M,0,2,1.57,2511.3,4,0
MERCH_11916,M,1,1,0.69,6784.2,27,1
MERCH_11917,F,0,3,2.63,5036.32,11,1
MERCH_11918,F,0,3,2.74,871.56,3,1
MERCH_11919,F,0,1,0.79,1220.1,28,1
MERCH_11920,M,1,0,0.0,8039.68,11,0
MERCH_11921,F,1,1,0.73,6774.19,3,1
MERCH_11922,F,0,6,2.53,1891.42,3,1
MERCH_11923,F,0,3,2.03,5209.88,25,1
MERCH_11924,M,2,3,1.58,1005.66,12,0
MERCH_11925,F,0,5,2.92,949.03,12,1
MERCH_11926,F,2,4,2.68,11106.87,32,1
MERCH_11927,F,2,2,1.12,4976.65,10,0
MERCH_11928,F,1,3,1.71,29035.76,19,1
MERCH_11929,F,0,5,3.11,5383.32,7,0
MERCH_11930,F,1,1,0.56,5004.83,24,0
MERCH_11931,F,1,2,0.99,10873.51,32,1
MERCH_11932,F,1,3,2.46,10468.92,23,1
MERCH_11933,F,0,6,3.7,6504.48,19,1
MERCH_11934,M,0,3,2.57,1942.5,3,0
MERCH_11935,M,0,6,5.31,1477.21,25,1
MERCH_11936,F,1,3,2.44,9924.61,25,1
MERCH_11937,M,1,1,0.62,5888.65,6,0
MERCH_11938,F,0,7,5.58,3933.93,33,1
MERCH_11939,F,0,5,2.43,6001.4,33,1
MERCH_11940,F,0,4,3.05,1070.74,15,1
MERCH_11941,F,1,1,0.62,4092.06,20,0
MERCH_11942,M,2,1,0.76,16886.14,32,1
MERCH_11943,M,0,5,4.08,2409.43,24,1
MERCH_11944,M,0,3,2.13,2478.6,3,0
MERCH_11945,F,0,2,1.51,4988.58,4,1
MERCH_11946,F,1,4,2.07,6605.62,6,0
MERCH_11947,F,1,1,0.73,13093.77,19,0
MERCH_11948,F,2,2,1.31,3464.31,26,1
MERCH_11949,F,0,2,1.27,1725.5,25,1
MERCH_11950,F,2,1,0.63,20175.5,25,0
MERCH_11951,F,0,4,2.28,2439.7,10,0
MERCH_11952,F,1,2,1.14,3288.63,20,1
MERCH_11953,M,0,2,1.57,1061.63,5,1
MERCH_11954,M,2,2,1.41,6769.52,35,0
MERCH_11955,M,1,0,0.0,13445.39,5,0
MERCH_11956,F,1,2,0.85,414.62,35,1
MERCH_11957,F,1,2,1.43,4663.27,3,0
MERCH_11958,F,0,6,5.19,3501.01,32,1
MERCH_11959,M,0,8,3.39,2874.54,30,1
MERCH_11960,F,2,2,1.36,9784.06,29,1
MERCH_11961,F,0,5,4.34,1264.51,26,1
MERCH_11962,M,0,5,2.01,2643.3,25,0
MERCH_11963,F,0,3,1.66,5124.72,12,1
MERCH_11964,F,1,1,0.91,5053.72,18,1
MERCH_11965,F,0,7,3.11,2539.51,26,1
MERCH_11966,F,0,5,3.67,3453.88,15,1
MERCH_11967,F,0,3,2.04,1303.69,5,1
MERCH_11968,F,0,10,4.83,745.65,33,1
MERCH_11969,F,2,1,0.42,4635.66,9,0
MERCH_11970,F,2,4,2.71,10770.52,32,1
MERCH_11971,M,1,1,0.8,3999.52,13,0
MERCH_11972,F,0,2,0.99,896.81,28,1
MERCH_11973,F,2,2,1.56,12083.7,23,0
MERCH_11974,F,1,2,1.4,3200.46,24,1
MERCH_11975,M,0,2,1.19,9321.34,31,1
MERCH_11976,F,2,3,2.3,14933.65,5,0
MERCH_11977,F,1,3,1.52,20245.61,2,0
MERCH_11978,M,1,2,1.3,8155.87,30,1
MERCH_11979,M,1,1,0.7,3858.15,5,0
MERCH_11980,F,0,1,0.65,5231.58,10,0
MERCH_11981,M,0,3,1.86,821.96,7,0
MERCH_11982,F,1,1,0.81,1086.72,29,1
MERCH_11983,F,0,6,4.57,3268.7,32,1
MERCH_11984,F,0,5,3.76,664.89,27,1
MERCH_11985,F,1,0,0.0,6743.79,1,0
MERCH_11986,M,1,0,0.0,6420.93,20,0
MERCH_11987,F,0,3,2.14,4362.83,34,1
MERCH_11988,F,1,1,0.59,2320.28,26,0
MERCH_11989,M,1,5,4.14,1683.04,23,1
MERCH_11990,M,1,1,0.48,6020.23,33,0
MERCH_11991,F,0,2,1.36,96.67,1,0
MERCH_11992,F,0,6,4.13,3087.76,3,1
MERCH_11993,F,0,4,3.76,2876.61,35,1
MERCH_11994,M,0,5,4.73,2916.64,35,1
MERCH_11995,M,0,2,1.68,1974.45,13,1
MERCH_11996,M,0,5,3.3,7986.19,33,1
MERCH_11997,F,0,8,5.61,3341.61,13,1
MERCH_11998,F,2,0,0.0,12089.74,22,0
MERCH_11999,F,0,7,5.99,1441.29,5,1
MERCH_12000,F,1,0,0.0,6107.52,17,0
MERCH_12001,F,1,3,2.47,3350.37,10,1
MERCH_12002,M,0,6,2.86,2645.64,27,1
MERCH_12003,F,2,3,1.86,3406.36,15,0
MERCH_12004,F,1,2,1.39,12337.37,9,0
MERCH_12005,M,0,4,1.87,2338.36,7,1
MERCH_12006,F,1,4,2.41,129.2,10,1
MERCH_12007,M,0,3,1.34,1038.32,13,0
MERCH_12008,F,1,1,0.93,18939.71,16,0
MERCH_12009,F,0,6,4.88,6616.71,34,1
MERCH_12010,F,1,1,0.74,10990.42,8,1
MERCH_12011,F,0,4,2.05,2029.31,31,1
MERCH_12012,M,1,3,1.75,17209.42,28,1
MERCH_12013,F,0,6,2.88,2155.41,7,1
MERCH_12014,F,1,3,2.08,16601.29,34,1
MERCH_12015,F,1,2,1.7,7891.65,33,0
MERCH_12016,F,0,3,1.23,1870.83,4,0
MERCH_12017,M,1,1,0.46,12289.42,26,1
MERCH_12018,F,0,5,2.63,915.69,2,1
MERCH_12019,M,2,0,0.0,3410.98,32,0
MERCH_12020,M,0,6,5.35,611.32,2,1
MERCH_12021,F,1,2,1.63,10100.42,26,0
MERCH_12022,M,1,0,0.0,6793.97,27,0
MERCH_12023,F,0,6,2.75,13355.79,15,0
MERCH_12024,F,0,3,2.45,3457.1,21,1
MERCH_12025,F,0,5,2.29,1822.73,27,1
MERCH_12026,M,1,3,1.77,6392.23,34,1
MERCH_12027,M,0,4,2.28,2870.35,11,0
MERCH_12028,F,1,5,2.99,4340.36,23,1
MERCH_12029,M,1,2,1.16,462.61,22,1
MERCH_12030,F,0,6,4.94,618.61,23,1
MERCH_12031,F,1,1,0.49,4845.18,1,0
MERCH_12032,F,0,7,6.06,443.93,12,1
MERCH_12033,M,0,4,3.49,2392.52,25,1
MERCH_12034,F,1,1,0.67,14802.8,6,1
MERCH_12035,F,0,4,1.83,1145.76,34,0
MERCH_12036,F,0,1,0.72,1657.55,28,1
MERCH_12037,F,2,1,0.85,6330.2,25,0
MERCH_12038,F,0,4,2.24,1854.31,18,1
MERCH_12039,F,2,4,3.44,7241.06,1,1
MERCH_12040,M,2,3,2.32,764.92,32,1
MERCH_12041,F,0,5,4.71,5300.81,29,1
MERCH_12042,F,0,6,5.12,1977.72,20,1
MERCH_12043,F,1,3,1.53,3130.23,13,0
MERCH_12044,M,0,2,1.29,2992.8,12,0
MERCH_12045,M,0,0,0.0,4755.5,8,0
MERCH_12046,F,1,3,1.31,2647.67,8,0
MERCH_12047,M,0,5,3.94,3088.05,18,1
MERCH_12048,F,2,1,0.9,17768.5,21,0
MERCH_12049,F,0,4,3.74,5954.68,28,1
MERCH_12050,F,0,8,4.39,4179.95,31,1
MERCH_12051,F,0,3,1.53,1471.63,15,1
MERCH_12052,F,2,1,0.71,2784.47,33,0
MERCH_12053,M,1,1,0.51,3404.79,23,0
MERCH_12054,M,1,1,0.56,17581.11,16,0
MERCH_12055,M,0,4,3.44,3649.27,24,1
MERCH_12056,F,0,2,1.69,4277.6,21,1
MERCH_12057,F,0,5,4.46,2273.86,8,1
MERCH_12058,M,0,5,3.33,294.96,17,1
MERCH_12059,F,1,3,2.13,9167.38,15,1
MERCH_12060,F,1,1,0.82,3118.38,14,1
MERCH_12061,F,0,4,2.13,5031.89,20,1
MERCH_12062,M,2,0,0.0,3433.97,32,0
MERCH_12063,F,0,4,1.64,2794.41,11,1
MERCH_12064,F,2,2,1.68,11216.08,32,0
MERCH_12065,M,0,3,2.48,13584.5,4,1
MERCH_12066,F,0,6,3.4,2212.1,29,1
MERCH_12067,F,0,5,4.0,2291.18,5,1
MERCH_12068,F,0,7,3.62,5063.0,12,1
MERCH_12069,F,1,2,1.43,6006.4,23,0
MERCH_12070,M,0,3,2.36,1672.41,33,1
MERCH_12071,F,0,1,0.79,1321.78,16,1
MERCH_12072,F,1,1,0.94,7552.76,11,0
MERCH_12073,M,1,1,0.5,4532.74,8,1
MERCH_12074,M,1,3,1.99,18518.19,33,0
MERCH_12075,M,0,4,3.54,4161.53,34,1
MERCH_12076,F,1,3,2.13,8048.33,21,1
MERCH_12077,F,1,1,0.88,7467.86,17,1
MERCH_12078,M,0,2,1.28,1251.58,34,0
MERCH_12079,M,0,6,5.02,2259.29,3,0
MERCH_12080,F,0,3,2.64,2081.98,24,1
MERCH_12081,F,0,8,6.92,8166.32,22,1
MERCH_12082,F,0,4,3.52,1981.3,10,0
MERCH_12083,M,0,7,3.65,3451.99,5,0
MERCH_12084,F,1,1,0.64,10794.85,31,0
MERCH_12085,F,1,4,1.98,3026.78,24,1
MERCH_12086,F,2,4,2.0,5840.5,11,1
MERCH_12087,M,1,0,0.0,12259.69,14,0
MERCH_12088,M,0,7,6.5,898.1,4,1
MERCH_12089,F,2,2,1.45,28502.35,8,0
MERCH_12090,M,2,3,2.61,7906.1,7,0
MERCH_12091,M,0,2,1.83,1493.5,35,1
MERCH_12092,F,1,8,3.58,2194.72,32,0
MERCH_12093,F,2,2,0.98,20929.54,22,0
MERCH_12094,F,1,1,0.56,6155.34,22,1
MERCH_12095,M,2,1,0.74,10208.56,26,1
MERCH_12096,F,0,1,0.43,845.86,29,1
MERCH_12097,F,0,2,1.67,1311.14,4,1
MERCH_12098,M,0,1,0.44,4847.6,31,1
MERCH_12099,F,1,3,1.46,20535.56,22,0
MERCH_12100,M,1,1,0.61,3312.65,8,1
MERCH_12101,F,2,1,0.71,9995.77,21,1
MERCH_12102,F,0,3,2.65,3291.46,15,1
MERCH_12103,M,0,6,5.58,4846.6,4,1
MERCH_12104,M,1,2,1.77,10612.19,5,0
MERCH_12105,F,1,2,0.92,12004.54,2,0
MERCH_12106,M,0,3,2.24,281.09,8,1
MERCH_12107,M,0,2,1.29,3214.93,4,0
MERCH_12108,F,1,2,0.94,2120.08,13,0
MERCH_12109,M,1,1,0.71,9022.53,14,0
MERCH_12110,F,0,8,4.77,5344.83,9,1
MERCH_12111,F,0,6,3.54,2839.56,28,1
MERCH_12112,F,2,5,2.26,12206.27,12,1
MERCH_12113,M,1,3,2.82,14093.36,28,1
MERCH_12114,M,0,4,3.2,4394.47,13,1
MERCH_12115,F,0,6,3.33,2999.56,21,1
MERCH_12116,F,1,0,0.0,9562.29,26,0
MERCH_12117,F,0,8,7.37,5203.02,25,1
MERCH_12118,F,0,3,2.54,10609.89,22,0
MERCH_12119,M,1,1,0.76,3659.99,8,1
MERCH_12120,M,0,7,4.25,1649.33,22,1
MERCH_12121,F,1,3,1.92,13334.66,13,1
MERCH_12122,M,0,4,2.6,8406.44,14,0
MERCH_12123,F,1,4,3.69,1746.48,18,1
MERCH_12124,M,0,6,4.91,712.92,33,1
MERCH_12125,M,0,2,1.12,2564.7,7,0
MERCH_12126,F,0,5,3.72,4644.54,10,1
MERCH_12127,F,2,3,2.18,7739.26,30,1
MERCH_12128,M,2,1,0.85,8522.23,34,1
MERCH_12129,F,0,4,1.81,1117.88,3,1
MERCH_12130,F,1,1,0.79,7231.9,12,1
MERCH_12131,F,1,2,1.16,4417.5,31,1
MERCH_12132,F,2,4,1.89,9327.41,23,1
MERCH_12133,F,0,3,2.41,2058.08,8,0
MERCH_12134,M,1,1,0.58,3633.84,1,0
MERCH_12135,M,0,6,4.81,7094.89,35,1
MERCH_12136,F,0,0,0.0,4056.64,15,0
MERCH_12137,M,2,1,0.94,9447.43,28,1
MERCH_12138,F,1,2,1.68,3920.72,12,1
MERCH_12139,M,0,3,1.68,4034.75,1,1
MERCH_12140,M,0,6,4.84,1022.57,11,0
MERCH_12141,F,1,5,2.37,3772.03,2,1
MERCH_12142,M,1,1,0.76,7201.76,35,0
MERCH_12143,F,0,3,1.3,2728.84,8,1
MERCH_12144,F,2,6,3.5,5033.78,31,1
MERCH_12145,M,0,4,3.75,567.05,21,1
MERCH_12146,F,0,7,3.27,1926.73,3,1
MERCH_12147,F,2,3,2.19,19631.53,25,0
MERCH_12148,F,0,6,2.63,372.13,28,1
MERCH_12149,M,0,2,1.54,3601.68,28,1
MERCH_12150,F,1,2,1.11,6327.0,2,1
MERCH_12151,F,1,2,1.14,2214.15,8,1
MERCH_12152,M,0,4,2.34,5940.39,1,0
MERCH_12153,M,2,2,1.03,4240.17,21,1
MERCH_12154,F,1,3,2.75,22322.79,15,1
MERCH_12155,F,0,4,3.59,2848.57,8,1
MERCH_12156,F,1,1,0.88,9335.76,22,1
MERCH_12157,F,0,8,3.67,2015.81,20,1
MERCH_12158,F,0,4,2.11,5063.31,13,1
MERCH_12159,M,1,3,2.21,6606.9,26,0
MERCH_12160,M,2,1,0.93,15799.26,7,1
MERCH_12161,F,0,7,5.13,3162.03,11,1
MERCH_12162,F,0,1,0.58,1974.95,31,0
MERCH_12163,M,0,4,3.4,452.06,34,1
MERCH_12164,F,0,2,0.95,6268.87,11,1
MERCH_12165,M,0,6,5.31,2752.02,24,0
MERCH_12166,F,0,3,2.81,1512.94,25,0
MERCH_12167,F,1,4,3.73,12393.82,33,1
MERCH_12168,M,0,7,3.37,3153.23,29,1
MERCH_12169,F,0,9,6.32,3158.77,21,1
MERCH_12170,M,1,2,1.44,37396.89,33,0
MERCH_12171,F,1,1,0.51,3840.48,6,0
MERCH_12172,F,0,5,3.5,4263.02,2,1
MERCH_12173,M,0,6,4.53,6186.64,30,1
MERCH_12174,F,1,1,0.58,6169.5,28,1
MERCH_12175,M,0,2,1.15,1228.03,32,0
MERCH_12176,F,0,4,1.73,2026.43,27,1
MERCH_12177,F,1,3,2.78,9339.74,22,1
MERCH_12178,M,0,3,2.53,5540.05,15,0
MERCH_12179,F,0,1,0.82,1363.04,7,0
MERCH_12180,F,0,4,1.65,2036.18,31,1
MERCH_12181,F,0,5,3.72,4228.73,30,1
MERCH_12182,F,0,6,3.0,4766.91,14,0
MERCH_12183,F,2,2,1.53,15331.28,34,0
MERCH_12184,M,0,2,1.48,626.92,27,1
MERCH_12185,M,0,3,2.61,9348.24,23,1
MERCH_12186,M,0,9,4.86,1703.81,3,0
MERCH_12187,M,2,1,0.42,27480.34,5,0
MERCH_12188,M,1,1,0.9,30693.64,30,0
MERCH_12189,M,0,7,6.3,506.47,7,1
MERCH_12190,F,2,2,1.3,12408.04,18,1
MERCH_12191,M,0,5,2.21,1884.84,10,1
MERCH_12192,M,0,3,2.02,2572.67,34,0
MERCH_12193,F,0,2,1.38,4784.17,33,1
MERCH_12194,F,0,2,1.7,993.92,32,1
MERCH_12195,F,0,6,4.77,1799.67,31,1
MERCH_12196,F,1,5,2.19,12073.95,28,1
MERCH_12197,M,0,3,2.36,3285.36,4,1
MERCH_12198,F,1,1,0.47,14235.29,15,0
MERCH_12199,F,0,3,1.35,1737.68,2,1
MERCH_12200,M,0,3,1.86,929.75,23,1
MERCH_12201,F,0,5,2.21,10030.45,23,1
MERCH_12202,F,2,1,0.86,3826.87,35,1
MERCH_12203,F,0,0,0.0,1083.3,27,1
MERCH_12204,M,1,0,0.0,4128.73,26,1
MERCH_12205,M,0,5,3.59,2905.83,34,1
MERCH_12206,F,0,7,6.57,3083.85,13,1
MERCH_12207,M,0,1,0.9,653.91,10,1
MERCH_12208,F,0,6,5.2,1168.69,26,1
MERCH_12209,M,0,2,1.22,5165.95,4,1
MERCH_12210,M,0,4,1.92,1941.79,18,1
MERCH_12211,M,1,3,2.18,9608.74,35,0
MERCH_12212,F,0,8,5.14,1234.62,17,1
MERCH_12213,M,1,0,0.0,11243.06,27,1
MERCH_12214,M,0,2,0.91,1184.21,8,1
MERCH_12215,F,1,2,1.28,2564.11,13,1
MERCH_12216,M,1,2,1.52,985.2,22,0
MERCH_12217,F,0,3,2.23,2475.32,30,1
MERCH_12218,M,0,4,3.3,3880.44,35,1
MERCH_12219,F,1,1,0.66,11855.39,4,0
MERCH_12220,M,2,1,0.58,8488.42,13,0
MERCH_12221,F,0,2,1.39,5098.55,6,1
MERCH_12222,F,0,1,0.94,720.13,18,1
MERCH_12223,F,2,2,0.85,2308.24,8,1
MERCH_12224,F,0,4,2.76,1083.15,20,1
MERCH_12225,F,1,3,1.74,5466.58,21,1
MERCH_12226,F,0,1,0.46,2405.64,32,0
MERCH_12227,F,0,3,1.92,5429.38,32,1
MERCH_12228,F,1,2,1.51,5839.8,2,1
MERCH_12229,F,1,0,0.0,12407.8,2,0
MERCH_12230,M,0,5,2.08,3608.75,32,1
MERCH_12231,F,0,10,7.19,5410.62,22,1
MERCH_12232,M,1,0,0.0,10262.15,26,0
MERCH_12233,M,1,0,0.0,16976.7,10,0
MERCH_12234,M,0,5,2.86,337.09,5,0
MERCH_12235,F,1,1,0.87,5973.74,12,1
MERCH_12236,M,1,0,0.0,1453.97,32,0
MERCH_12237,F,1,1,0.59,3238.25,18,1
MERCH_12238,F,1,2,1.23,3041.22,10,0
MERCH_12239,F,0,5,3.7,5644.12,23,1
MERCH_12240,M,1,0,0.0,6284.61,1,0
MERCH_12241,F,1,1,0.8,27964.04,18,0
MERCH_12242,F,0,3,2.44,1947.09,30,1
MERCH_12243,M,0,4,2.02,445.18,19,1
MERCH_12244,M,0,5,4.51,1815.41,17,1
MERCH_12245,F,1,4,2.51,10369.71,28,1
MERCH_12246,F,0,3,1.22,3008.47,22,1
MERCH_12247,M,1,2,1.53,7463.26,32,0
MERCH_12248,F,2,1,0.73,9541.81,25,0
MERCH_12249,F,1,3,1.41,14197.34,9,0
MERCH_12250,F,2,3,2.78,522.33,1,1
MERCH_12251,M,2,2,1.42,8193.44,29,0
MERCH_12252,M,0,3,1.97,1002.75,15,1
MERCH_12253,M,1,1,0.62,11458.46,29,0
MERCH_12254,M,0,6,3.09,1140.4,21,1
MERCH_12255,F,2,1,0.92,3492.79,12,0
MERCH_12256,F,0,8,6.29,698.92,26,1
MERCH_12257,F,2,1,0.71,7736.74,31,0
MERCH_12258,F,1,2,1.49,1322.16,35,1
MERCH_12259,F,1,1,0.86,2075.38,14,1
MERCH_12260,M,0,8,6.0,2620.74,7,1
MERCH_12261,F,0,5,2.32,2006.38,3,1
MERCH_12262,M,1,0,0.0,5963.04,4,0
MERCH_12263,F,0,5,3.55,308.51,2,1
MERCH_12264,F,1,5,4.66,7886.8,35,1
MERCH_12265,F,0,4,3.21,2802.29,33,1
MERCH_12266,F,1,2,1.18,15120.62,13,0
MERCH_12267,M,0,5,2.37,3564.8,7,1
MERCH_12268,F,1,2,1.33,2901.78,27,0
MERCH_12269,F,1,2,1.55,2846.59,3,1
MERCH_12270,F,0,2,1.0,5320.75,17,1
MERCH_12271,F,0,6,4.54,4749.47,25,1
MERCH_12272,F,0,4,3.42,2234.99,30,1
MERCH_12273,M,1,1,0.49,11755.31,14,0
MERCH_12274,M,1,1,0.79,13172.0,29,1
MERCH_12275,F,1,1,0.44,1673.81,5,0
MERCH_12276,M,1,3,1.21,2427.32,7,0
MERCH_12277,F,0,1,0.42,1714.91,19,1
MERCH_12278,F,0,5,3.74,5383.07,33,1
MERCH_12279,F,0,8,7.48,7503.49,21,1
MERCH_12280,F,0,1,0.82,2779.27,21,1
MERCH_12281,F,2,1,0.54,2713.35,17,1
MERCH_12282,F,2,1,0.44,3143.67,23,1
MERCH_12283,F,0,5,3.7,1812.0,27,1
MERCH_12284,F,1,2,0.8,5347.68,31,1
MERCH_12285,F,1,4,3.34,3032.06,15,1
MERCH_12286,M,0,4,2.13,1969.97,1,1
MERCH_12287,F,0,3,1.69,350.92,20,0
MERCH_12288,F,0,5,2.95,2072.43,34,1
MERCH_12289,F,1,4,3.28,3713.66,1,1
MERCH_12290,F,2,2,1.09,3566.48,32,1
MERCH_12291,F,1,0,0.0,10046.8,22,0
MERCH_12292,F,0,9,6.28,3475.61,29,1
MERCH_12293,F,0,3,1.96,1693.55,11,1
MERCH_12294,F,1,0,0.0,2387.6,33,1
MERCH_12295,F,1,4,2.18,7826.74,1,1
MERCH_12296,F,1,1,0.45,4931.93,9,0
MERCH_12297,F,1,1,0.7,12283.43,13,1
MERCH_12298,F,0,2,1.0,3314.55,24,1
MERCH_12299,F,1,3,1.88,11113.23,20,1
MERCH_12300,M,1,1,0.5,663.66,1,0
MERCH_12301,F,0,8,7.08,6752.87,35,1
MERCH_12302,F,1,2,1.16,8069.0,20,0
MERCH_12303,F,0,1,0.83,296.15,1,0
MERCH_12304,M,0,6,5.53,1872.11,6,0
MERCH_12305,F,0,5,4.59,2293.19,26,0
MERCH_12306,F,0,2,1.38,5645.59,29,1
MERCH_12307,F,0,2,1.88,3518.57,15,1
MERCH_12308,F,0,2,1.52,2962.48,19,0
MERCH_12309,F,1,2,0.94,7014.1,9,0
MERCH_12310,F,0,3,2.67,2012.02,17,1
MERCH_12311,M,0,4,2.63,528.86,32,1
MERCH_12312,F,0,5,2.42,2766.67,28,1
MERCH_12313,M,1,5,4.18,3050.63,15,1
MERCH_12314,M,0,4,2.97,1322.6,28,1
MERCH_12315,F,0,2,1.77,3621.42,9,0
MERCH_12316,F,2,3,2.57,3757.79,27,1
MERCH_12317,F,1,1,0.58,1004.99,19,1
MERCH_12318,F,2,0,0.0,5723.48,7,0
MERCH_12319,F,0,5,4.02,284.47,25,1
MERCH_12320,M,0,1,0.72,2472.5,30,1
MERCH_12321,M,1,0,0.0,11609.09,13,0
MERCH_12322,F,0,5,2.5,2036.62,2,0
MERCH_12323,F,0,4,1.93,443.37,18,1
MERCH_12324,M,0,1,0.72,4226.0,8,1
MERCH_12325,M,1,2,0.89,17774.45,20,0
MERCH_12326,M,0,3,1.54,1871.48,9,0
MERCH_12327,F,2,9,6.3,3964.71,13,1
MERCH_12328,F,2,0,0.0,1584.61,21,0
MERCH_12329,F,0,7,3.76,2540.26,28,1
MERCH_12330,F,1,3,2.7,15621.37,7,0
MERCH_12331,F,1,0,0.0,1649.78,31,1
MERCH_12332,F,1,0,0.0,725.45,23,1
MERCH_12333,M,0,2,1.77,1919.04,13,1
MERCH_12334,F,1,3,1.61,1682.0,2,0
MERCH_12335,F,0,8,5.79,2268.95,34,1
MERCH_12336,F,2,0,0.0,8555.66,5,0
MERCH_12337,F,0,0,0.0,2968.57,2,0
MERCH_12338,F,0,5,3.02,3562.44,34,1
MERCH_12339,F,1,1,0.54,20171.89,2,0
MERCH_12340,M,1,2,1.47,12586.95,20,1
MERCH_12341,F,1,2,1.62,13293.45,8,0
MERCH_12342,F,0,4,2.78,696.45,23,1
MERCH_12343,F,0,1,0.79,2443.87,16,1
MERCH_12344,M,2,2,1.26,16335.46,22,0
MERCH_12345,M,1,1,0.84,4349.33,8,1
MERCH_12346,M,1,1,0.72,12212.94,26,0
MERCH_12347,F,0,6,3.05,7898.89,23,1
MERCH_12348,F,0,4,3.56,999.49,16,1
MERCH_12349,F,1,2,1.72,1631.73,21,1
MERCH_12350,F,1,3,2.79,9085.76,29,1
MERCH_12351,M,0,2,1.43,2155.94,20,0
MERCH_12352,F,2,4,3.09,18958.98,12,1
MERCH_12353,M,1,1,0.87,2476.14,26,0
MERCH_12354,M,0,6,2.57,5285.07,3,1
MERCH_12355,F,0,10,9.02,2078.62,18,1
MERCH_12356,M,0,3,1.65,1262.27,1,1
MERCH_12357,F,1,1,0.43,7371.36,19,0
MERCH_12358,F,0,4,2.12,1707.09,13,0
MERCH_12359,F,0,6,4.33,2330.89,33,1
MERCH_12360,F,1,5,2.13,15339.08,30,1
MERCH_12361,F,0,3,1.2,8371.29,22,0
MERCH_12362,F,0,1,0.75,2194.94,27,1
MERCH_12363,F,0,5,3.25,3195.82,13,1
MERCH_12364,F,1,0,0.0,13815.1,8,0
MERCH_12365,F,1,1,0.54,9484.98,2,0
MERCH_12366,F,0,4,2.22,1341.45,19,1
MERCH_12367,F,1,2,0.89,8521.76,24,1
MERCH_12368,F,1,2,1.39,6447.3,5,1
MERCH_12369,M,0,8,4.81,290.8,8,1
MERCH_12370,M,0,3,1.76,62.38,20,0
MERCH_12371,M,0,4,2.61,2837.78,35,1
MERCH_12372,M,0,9,7.81,1119.2,2,1
MERCH_12373,F,1,1,0.46,14018.44,6,0
MERCH_12374,M,1,3,2.06,3878.67,16,1
MERCH_12375,F,0,3,1.52,1496.74,2,1
MERCH_12376,F,0,5,2.58,3917.1,14,1
MERCH_12377,M,0,0,0.0,1810.7,26,1
MERCH_12378,F,1,1,0.65,3224.22,20,0
MERCH_12379,M,0,1,0.67,3412.33,29,1
MERCH_12380,M,1,1,0.88,31512.37,4,0
MERCH_12381,M,0,2,1.78,1264.9,20,1
MERCH_12382,M,1,0,0.0,12807.7,24,0
MERCH_12383,F,2,3,1.66,11289.94,1,1
MERCH_12384,F,0,3,2.55,9166.87,25,1
MERCH_12385,F,0,5,4.18,5433.95,14,1
MERCH_12386,F,2,1,0.84,6970.05,35,1
MERCH_12387,F,0,8,3.27,3354.39,21,1
MERCH_12388,M,1,1,0.81,1291.41,23,1
MERCH_12389,M,0,4,3.48,6317.58,20,1
MERCH_12390,F,1,1,0.73,2091.38,26,0
MERCH_12391,F,0,2,1.63,3326.52,27,0
MERCH_12392,F,2,2,1.65,9938.18,14,0
MERCH_12393,F,1,2,1.36,11246.09,4,1
MERCH_12394,M,1,4,3.39,3107.58,26,0
MERCH_12395,F,1,2,1.67,6919.08,16,1
MERCH_12396,F,1,1,0.9,12095.1,20,1
MERCH_12397,F,0,4,3.63,3767.54,24,0
MERCH_12398,F,2,0,0.0,26269.8,10,0
MERCH_12399,F,2,3,1.25,18124.29,2,0
MERCH_12400,F,0,5,2.05,2117.36,9,1
MERCH_12401,F,2,3,2.75,6178.34,18,1
MERCH_12402,F,1,1,0.59,3648.53,30,0
MERCH_12403,F,1,4,2.43,11450.74,3,0
MERCH_12404,M,0,1,0.66,435.88,29,0
MERCH_12405,F,0,2,1.09,523.68,7,1
MERCH_12406,F,0,5,3.62,3544.65,25,1
MERCH_12407,F,0,5,4.16,5002.59,24,0
MERCH_12408,M,1,4,2.17,4121.16,6,0
MERCH_12409,F,0,4,3.23,4076.76,15,1
MERCH_12410,M,0,2,1.54,6788.26,15,0
MERCH_12411,F,2,2,1.38,14273.69,27,1
MERCH_12412,F,0,2,1.16,3186.6,21,0
MERCH_12413,F,0,4,3.52,3486.61,32,1
MERCH_12414,F,0,5,3.11,3932.37,32,0
MERCH_12415,M,0,1,0.61,2686.05,12,0
MERCH_12416,F,1,4,3.01,5236.35,9,0
MERCH_12417,F,1,4,3.62,8377.47,20,1
MERCH_12418,F,1,4,2.72,4990.62,15,1
MERCH_12419,F,0,8,6.38,4844.49,13,1
MERCH_12420,F,1,1,0.65,8087.4,8,0
MERCH_12421,F,0,7,3.64,1242.12,21,1
MERCH_12422,M,0,4,1.87,2105.02,25,0
MERCH_12423,F,0,7,3.32,1306.24,35,1
MERCH_12424,F,0,5,2.06,6955.39,30,1
MERCH_12425,M,0,2,1.41,4666.27,31,1
MERCH_12426,F,0,10,4.72,1845.25,6,1
MERCH_12427,M,2,0,0.0,4751.26,11,0
MERCH_12428,F,0,6,5.64,1822.75,8,1
MERCH_12429,M,0,4,2.69,708.81,8,1
MERCH_12430,F,0,4,2.59,2825.57,12,1
MERCH_12431,M,1,5,2.96,2561.22,3,0
MERCH_12432,M,0,5,3.75,2448.94,16,1
MERCH_12433,F,2,2,1.47,13875.66,27,0
MERCH_12434,M,2,0,0.0,19807.3,16,0
MERCH_12435,F,0,2,1.18,1663.39,5,1
MERCH_12436,F,0,5,3.77,1559.49,12,1
MERCH_12437,F,0,5,3.53,633.71,3,1
MERCH_12438,F,1,1,0.8,11723.87,35,0
MERCH_12439,F,0,6,5.51,2501.62,3,1
MERCH_12440,F,0,2,1.66,1338.75,31,0
MERCH_12441,F,0,6,3.4,1486.95,24,1
MERCH_12442,M,1,2,1.64,15799.56,29,1
MERCH_12443,M,0,6,3.89,208.82,33,1
MERCH_12444,F,0,7,5.79,5962.31,16,1
MERCH_12445,F,1,1,0.89,3585.34,33,1
MERCH_12446,F,1,1,0.54,12849.87,10,0
MERCH_12447,F,2,1,0.53,2725.19,30,0
MERCH_12448,F,0,2,1.28,3299.58,34,1
MERCH_12449,F,1,1,0.43,6433.68,35,1
MERCH_12450,F,1,2,1.55,17633.75,7,0
MERCH_12451,M,0,8,6.5,2070.88,6,1
MERCH_12452,F,1,3,1.77,18930.69,15,0
MERCH_12453,F,0,5,3.28,1808.46,32,0
MERCH_12454,F,2,1,0.72,12331.1,2,0
MERCH_12455,F,0,3,1.32,4738.59,32,1
MERCH_12456,F,1,3,2.37,6075.0,28,1
MERCH_12457,F,0,4,2.76,2546.83,21,1
MERCH_12458,F,2,3,2.23,2051.49,17,1
MERCH_12459,F,0,7,5.59,3081.89,19,1
MERCH_12460,M,2,2,1.54,12913.21,14,0
MERCH_12461,M,2,2,0.9,20213.78,34,0
MERCH_12462,F,0,3,2.49,4554.65,20,1
MERCH_12463,F,1,1,0.74,8584.0,21,0
MERCH_12464,F,2,1,0.79,5841.96,3,0
MERCH_12465,F,0,3,1.63,2371.49,14,0
MERCH_12466,F,0,2,1.04,2075.94,21,1
MERCH_12467,F,1,2,1.71,14829.5,27,1
MERCH_12468,F,0,7,4.3,5956.53,7,1
MERCH_12469,F,0,2,1.43,2050.64,29,1
MERCH_12470,F,0,3,2.11,3635.61,9,1
MERCH_12471,M,0,2,1.44,2258.86,15,0
MERCH_12472,M,0,1,0.44,524.63,28,1
MERCH_12473,M,0,3,1.7,839.68,15,0
MERCH_12474,F,2,1,0.44,3810.78,15,0
MERCH_12475,M,1,2,1.33,6790.97,30,0
MERCH_12476,F,0,4,3.58,2947.91,32,1
MERCH_12477,M,1,3,1.84,20429.95,12,1
MERCH_12478,F,1,1,0.83,7829.1,20,1
MERCH_12479,M,2,3,1.67,8098.7,27,0
MERCH_12480,F,0,3,2.61,4292.11,2,1
MERCH_12481,M,0,3,1.89,906.59,22,1
MERCH_12482,M,2,4,2.38,8942.95,26,1
MERCH_12483,F,2,3,2.35,12027.26,8,0
MERCH_12484,F,1,1,0.68,5456.54,26,0
MERCH_12485,M,1,3,1.76,7278.98,17,0
MERCH_12486,F,0,4,1.73,2003.63,7,0
MERCH_12487,M,1,0,0.0,5475.13,1,0
MERCH_12488,F,0,5,4.12,2813.93,27,1
MERCH_12489,F,0,1,0.91,4967.43,26,1
MERCH_12490,F,1,4,1.97,10506.33,32,1
MERCH_12491,F,0,7,4.99,5718.09,14,1
MERCH_12492,M,0,10,4.19,1807.69,19,0
MERCH_12493,F,2,2,1.12,11081.41,9,0
MERCH_12494,F,0,3,1.94,3098.73,1,1
MERCH_12495,F,2,0,0.0,14752.17,21,0
MERCH_12496,F,2,2,0.85,11534.28,20,1
MERCH_12497,M,1,3,2.49,16619.73,33,0
MERCH_12498,M,0,4,2.05,1514.57,33,1
MERCH_12499,F,0,5,4.09,6930.29,18,1
MERCH_12500,M,0,5,3.72,1812.54,17,1
MERCH_12501,M,0,6,3.52,1650.92,13,1
MERCH_12502,F,0,1,0.8,3588.46,9,1
MERCH_12503,M,2,2,1.06,1004.35,1,1
MERCH_12504,F,0,8,4.17,2430.26,23,1
MERCH_12505,F,1,2,0.87,4107.76,34,1
MERCH_12506,M,0,1,0.62,1062.14,14,0
MERCH_12507,F,1,0,0.0,4050.66,21,1
MERCH_12508,M,2,1,0.63,5293.78,21,1
MERCH_12509,M,0,6,2.43,1353.71,28,0
MERCH_12510,F,0,4,1.94,994.08,32,1
MERCH_12511,M,1,5,4.56,5383.09,30,0
MERCH_12512,F,1,0,0.0,2340.6,12,0
MERCH_12513,F,1,2,1.06,10996.73,29,1
MERCH_12514,F,0,6,4.77,1664.1,1,1
MERCH_12515,M,0,6,4.61,1046.39,26,1
MERCH_12516,F,2,1,0.5,12209.55,16,0
MERCH_12517,F,2,2,1.21,11040.45,18,0
MERCH_12518,M,0,0,0.0,1226.42,33,1
MERCH_12519,M,1,2,1.61,24576.18,23,0
MERCH_12520,M,0,3,2.45,7454.64,5,1
MERCH_12521,F,0,3,2.13,4243.71,21,1
MERCH_12522,F,0,3,2.3,5581.41,1,0
MERCH_12523,F,0,3,2.04,986.13,31,1
MERCH_12524,M,1,1,0.81,10228.14,18,0
MERCH_12525,F,0,7,5.62,2321.4,21,1
MERCH_12526,F,0,2,0.83,3469.84,7,1
MERCH_12527,M,1,0,0.0,11679.02,1,0
MERCH_12528,F,1,0,0.0,11826.82,23,1
MERCH_12529,M,1,0,0.0,3955.65,27,1
MERCH_12530,M,2,3,1.88,32154.29,2,1
MERCH_12531,M,0,2,1.79,2616.01,34,1
MERCH_12532,F,1,1,0.92,2728.3,16,0
MERCH_12533,F,1,5,4.15,13939.19,10,1
MERCH_12534,M,1,1,0.48,4262.5,20,1
MERCH_12535,M,0,6,3.64,2594.62,25,1
MERCH_12536,M,0,6,3.0,1985.78,4,1
MERCH_12537,F,2,6,4.55,10486.64,32,1
MERCH_12538,M,0,4,3.3,5528.98,28,1
MERCH_12539,M,2,4,3.54,9002.93,13,0
MERCH_12540,M,1,2,1.75,5202.82,5,1
MERCH_12541,M,1,2,0.91,22883.16,17,1
MERCH_12542,M,1,3,1.41,18662.08,7,1
MERCH_12543,F,1,6,5.4,32588.77,10,1
MERCH_12544,F,0,8,6.91,1631.09,27,1
MERCH_12545,F,1,1,0.65,2957.25,35,0
MERCH_12546,F,1,2,1.27,1765.01,23,0
MERCH_12547,F,0,5,3.52,2014.8,16,0
MERCH_12548,F,0,7,5.1,3170.45,27,1
MERCH_12549,F,0,3,1.62,1332.9,15,1
MERCH_12550,F,2,2,1.24,2896.51,6,1
MERCH_12551,F,0,7,5.19,3527.38,24,1
MERCH_12552,M,1,2,1.03,16189.74,23,0
MERCH_12553,M,0,2,1.9,267.91,5,0
MERCH_12554,F,0,8,4.44,278.51,7,1
MERCH_12555,M,1,1,0.7,7613.29,22,1
MERCH_12556,F,0,5,3.52,3959.39,29,0
MERCH_12557,F,1,2,1.3,3305.41,31,1
MERCH_12558,F,1,4,2.13,2019.07,35,1
MERCH_12559,F,1,1,0.71,15183.21,34,0
MERCH_12560,M,0,1,0.45,2510.44,19,1
MERCH_12561,M,2,1,0.61,3620.54,34,1
MERCH_12562,F,1,3,1.57,23855.9,30,0
MERCH_12563,F,2,1,0.47,12421.71,19,0
MERCH_12564,F,0,5,4.55,2303.28,18,1
MERCH_12565,F,1,3,2.35,14369.29,1,1
MERCH_12566,F,2,1,0.49,1707.38,16,1
MERCH_12567,F,2,4,3.69,5384.4,28,0
MERCH_12568,M,0,3,1.56,1493.27,11,1
MERCH_12569,M,0,11,5.83,2011.52,32,1
MERCH_12570,F,0,3,1.42,6249.94,26,1
MERCH_12571,M,0,4,3.2,7067.06,10,0
MERCH_12572,F,0,4,2.86,2980.64,23,1
MERCH_12573,F,0,3,1.3,1561.58,33,1
MERCH_12574,F,2,1,0.41,2628.69,14,0
MERCH_12575,F,0,7,4.85,6497.52,9,1
MERCH_12576,M,1,1,0.76,10950.32,14,0
MERCH_12577,F,0,3,2.56,1355.47,2,0
MERCH_12578,F,0,1,0.66,1471.55,11,1
MERCH_12579,F,0,4,3.09,2886.63,14,1
MERCH_12580,F,0,4,3.21,545.66,35,1
MERCH_12581,M,1,1,0.74,6504.23,25,0
MERCH_12582,F,2,0,0.0,3879.94,33,0
MERCH_12583,F,0,8,3.78,4882.13,9,1
MERCH_12584,F,0,4,3.02,2800.57,13,1
MERCH_12585,F,0,4,3.29,1611.54,10,1
MERCH_12586,F,2,3,1.51,3479.04,33,1
MERCH_12587,M,1,2,1.34,23048.47,9,0
MERCH_12588,F,1,2,1.24,20205.35,13,0
MERCH_12589,M,1,0,0.0,283.77,24,0
MERCH_12590,M,1,7,3.74,21349.78,17,1
MERCH_12591,M,0,5,2.65,1053.39,33,1
MERCH_12592,F,0,5,3.15,3250.32,23,1
MERCH_12593,F,2,1,0.61,8716.38,27,0
MERCH_12594,F,1,3,2.11,2655.49,26,1
MERCH_12595,M,1,0,0.0,13115.28,24,1
MERCH_12596,F,1,1,0.72,3592.11,11,0
MERCH_12597,F,0,3,1.24,2881.94,29,1
MERCH_12598,F,1,2,1.08,27685.92,5,0
MERCH_12599,F,1,2,1.35,6170.98,24,1
MERCH_12600,F,0,3,2.33,2393.51,9,1
MERCH_12601,F,1,1,0.82,6905.73,10,0
MERCH_12602,M,2,1,0.42,4100.18,11,0
MERCH_12603,F,0,2,1.39,402.7,31,0
MERCH_12604,F,0,5,2.97,2077.8,3,1
MERCH_12605,F,0,4,3.13,665.9,25,1
MERCH_12606,F,1,8,4.45,11966.44,27,1
MERCH_12607,F,0,7,5.66,2096.42,1,1
MERCH_12608,M,1,0,0.0,20303.02,16,0
MERCH_12609,F,2,2,1.67,5285.54,35,1
MERCH_12610,M,0,8,7.53,2435.05,15,1
MERCH_12611,F,2,1,0.9,7581.53,34,1
MERCH_12612,F,2,1,0.73,15621.77,11,0
MERCH_12613,M,0,8,7.13,2359.29,9,1
MERCH_12614,F,0,4,1.94,1850.07,24,1
MERCH_12615,F,2,2,0.85,4802.39,35,1
MERCH_12616,F,2,4,2.77,4311.69,22,1
MERCH_12617,F,0,5,4.68,736.77,7,0
MERCH_12618,M,0,3,2.37,1731.07,30,1
MERCH_12619,F,0,4,2.27,2020.55,29,1
MERCH_12620,M,2,3,2.3,15661.73,9,0
MERCH_12621,M,0,7,2.95,5079.55,1,1
MERCH_12622,F,1,1,0.66,4905.77,3,0
MERCH_12623,M,1,1,0.53,2030.54,5,0
MERCH_12624,F,0,2,0.85,1129.53,11,1
MERCH_12625,M,1,5,2.69,8889.34,4,1
MERCH_12626,F,0,5,3.99,1288.76,33,1
MERCH_12627,M,2,2,1.41,7670.18,33,1
MERCH_12628,F,0,4,1.65,354.83,20,1
MERCH_12629,F,1,1,0.63,17177.07,20,0
MERCH_12630,F,1,1,0.81,6838.45,34,1
MERCH_12631,M,0,5,4.63,1983.75,21,1
MERCH_12632,F,0,6,5.29,4002.67,7,1
MERCH_12633,F,0,10,4.01,1789.36,16,1
MERCH_12634,M,0,5,2.6,429.6,32,1
MERCH_12635,M,1,2,1.03,6419.26,11,0
MERCH_12636,M,1,1,0.63,6882.23,29,0
MERCH_12637,M,0,5,3.78,2777.0,34,0
MERCH_12638,M,1,4,1.94,24188.81,10,1
MERCH_12639,M,1,1,0.9,10791.81,3,0
MERCH_12640,F,1,3,2.48,7768.33,22,1
MERCH_12641,F,0,6,3.78,4229.58,32,1
MERCH_12642,M,0,3,2.16,461.01,20,1
MERCH_12643,F,0,4,2.79,5461.33,2,1
MERCH_12644,F,1,4,2.88,11936.46,8,1
MERCH_12645,F,0,3,2.62,5740.95,25,1
MERCH_12646,M,0,6,3.06,1811.97,11,1
MERCH_12647,F,0,5,3.88,3194.84,24,1
MERCH_12648,F,1,1,0.46,5635.51,26,1
MERCH_12649,F,0,2,1.31,7701.45,35,0
MERCH_12650,F,0,5,3.75,1977.64,5,1
MERCH_12651,F,0,3,1.22,982.68,15,1
MERCH_12652,F,0,3,1.38,1157.86,14,1
MERCH_12653,F,1,4,1.8,8450.07,18,0
MERCH_12654,M,0,6,3.64,3877.86,12,1
MERCH_12655,F,0,2,1.48,1169.0,3,1
MERCH_12656,M,1,2,1.9,11062.85,33,1
MERCH_12657,M,0,1,0.54,5434.74,4,0
MERCH_12658,F,0,2,0.95,4963.97,26,1
MERCH_12659,M,2,3,1.88,10944.97,21,0
MERCH_12660,F,0,3,1.44,3944.65,16,1
MERCH_12661,M,0,4,1.65,3382.76,23,0
MERCH_12662,F,0,6,4.26,512.49,24,1
MERCH_12663,M,0,5,4.42,4447.28,9,0
MERCH_12664,F,1,1,0.87,5233.92,19,0
MERCH_12665,F,1,3,1.37,15721.49,27,1
MERCH_12666,F,1,0,0.0,4298.75,31,1
MERCH_12667,M,0,2,1.34,1917.91,1,0
MERCH_12668,M,0,2,1.2,3004.08,13,1
MERCH_12669,F,1,3,2.36,28582.31,4,0
MERCH_12670,F,2,3,2.02,9323.0,25,1
MERCH_12671,F,0,5,2.06,3107.43,10,1
MERCH_12672,M,0,5,2.78,1025.93,23,0
MERCH_12673,F,0,4,3.58,811.85,30,1
MERCH_12674,M,0,4,2.73,1684.96,14,0
MERCH_12675,F,0,2,1.68,3857.76,32,1
MERCH_12676,F,0,4,2.49,3107.73,30,1
MERCH_12677,F,1,3,2.32,7375.43,5,0
MERCH_12678,F,1,4,1.97,5444.37,15,1
MERCH_12679,F,0,4,3.22,4445.34,17,1
MERCH_12680,F,0,4,3.33,6677.28,33,1
MERCH_12681,M,1,2,0.9,12711.96,12,0
MERCH_12682,F,0,1,0.5,5797.02,25,1
MERCH_12683,F,1,2,1.31,6867.0,19,1
MERCH_12684,F,0,4,3.0,3892.82,23,0
MERCH_12685,F,1,4,3.0,24682.32,5,0
MERCH_12686,F,0,5,3.84,5770.55,21,0
MERCH_12687,F,0,6,4.76,7369.08,14,1
MERCH_12688,F,0,1,0.68,5871.49,6,0
MERCH_12689,F,0,2,1.43,6878.59,19,1
MERCH_12690,F,0,5,2.02,1766.03,4,1
MERCH_12691,F,1,2,0.98,4241.53,24,1
MERCH_12692,F,0,6,4.05,2211.73,26,1
MERCH_12693,F,0,7,5.67,1928.88,19,1
MERCH_12694,M,1,2,1.69,4776.42,32,1
MERCH_12695,F,1,3,2.4,20693.66,35,0
MERCH_12696,M,2,2,1.34,2549.93,2,1
MERCH_12697,F,1,6,3.33,17431.56,33,1
MERCH_12698,M,0,7,4.51,4100.66,10,1
MERCH_12699,M,1,2,0.81,112.99,33,1
MERCH_12700,F,2,2,1.46,5513.29,23,1
MERCH_12701,M,1,1,0.44,4938.88,34,0
MERCH_12702,F,0,2,0.96,1310.93,30,1
MERCH_12703,F,0,3,2.23,1291.35,5,1
MERCH_12704,M,0,3,1.22,1460.73,21,0
MERCH_12705,M,1,2,1.43,4061.99,16,1
MERCH_12706,F,1,0,0.0,5496.39,7,1
MERCH_12707,F,1,3,2.5,4334.32,9,1
MERCH_12708,F,0,6,2.62,1622.63,24,1
MERCH_12709,F,1,1,0.4,27171.92,26,0
MERCH_12710,M,1,1,0.82,11424.0,32,1
MERCH_12711,F,0,3,1.68,6324.81,27,1
MERCH_12712,F,1,2,1.78,2626.24,19,0
MERCH_12713,F,0,2,1.0,1568.39,8,1
MERCH_12714,F,2,2,1.44,3686.04,6,0
MERCH_12715,F,1,0,0.0,28906.55,19,0
MERCH_12716,F,1,0,0.0,14525.22,23,1
MERCH_12717,M,1,1,0.89,6945.17,2,1
MERCH_12718,M,2,2,1.47,16070.03,3,0
MERCH_12719,F,0,6,4.68,2250.04,2,0
MERCH_12720,M,0,7,3.67,2298.42,13,0
MERCH_12721,M,1,1,0.91,4289.0,32,1
MERCH_12722,M,0,4,2.97,2054.57,25,1
MERCH_12723,F,0,1,0.46,2455.45,13,1
MERCH_12724,F,2,2,0.82,3518.58,30,1
MERCH_12725,F,1,1,0.41,17792.8,19,0
MERCH_12726,F,0,3,1.28,5620.2,24,0
MERCH_12727,F,0,3,2.7,1585.77,33,1
MERCH_12728,F,0,3,1.79,375.6,13,0
MERCH_12729,F,0,4,2.26,2217.36,31,0
MERCH_12730,M,0,5,3.15,2322.06,8,0
MERCH_12731,F,1,3,1.88,14666.68,30,1
MERCH_12732,F,0,6,3.19,2785.33,19,1
MERCH_12733,M,0,2,0.9,495.94,32,0
MERCH_12734,M,0,6,2.76,2166.56,30,1
MERCH_12735,M,2,2,1.46,8677.37,17,1
MERCH_12736,M,0,2,1.24,1506.01,34,1
MERCH_12737,F,0,5,4.48,5117.39,16,1
MERCH_12738,M,0,4,2.62,5109.56,6,0
MERCH_12739,F,1,1,0.68,8024.88,2,0
MERCH_12740,F,1,3,2.73,17555.15,5,1
MERCH_12741,F,0,9,6.08,256.89,19,1
MERCH_12742,F,0,6,4.06,3350.3,1,1
MERCH_12743,F,0,5,3.0,3498.38,25,1
MERCH_12744,F,1,0,0.0,5764.67,16,0
MERCH_12745,M,1,1,0.62,862.35,30,1
MERCH_12746,F,0,0,0.0,2060.05,30,0
MERCH_12747,F,0,3,1.94,1672.33,10,1
MERCH_12748,M,0,5,3.45,6590.24,24,1
MERCH_12749,F,0,1,0.85,4240.54,21,0
MERCH_12750,F,1,0,0.0,7814.53,15,0
MERCH_12751,M,0,4,2.11,2328.59,5,1
MERCH_12752,F,0,3,2.14,6890.15,22,1
MERCH_12753,F,0,6,5.49,364.55,8,1
MERCH_12754,M,2,2,1.56,1154.17,31,0
MERCH_12755,F,2,2,1.14,27220.6,1,0
MERCH_12756,F,0,5,4.65,2040.73,20,1
MERCH_12757,M,0,5,2.94,820.4,28,1
MERCH_12758,M,0,5,4.7,404.45,31,1
MERCH_12759,F,0,9,4.55,7043.52,24,1
MERCH_12760,F,0,5,4.75,1115.25,7,1
MERCH_12761,F,1,1,0.44,2858.76,2,0
MERCH_12762,F,1,2,1.58,9754.48,9,0
MERCH_12763,F,2,1,0.81,13425.14,19,0
MERCH_12764,F,0,3,2.32,3146.59,25,1
MERCH_12765,M,1,0,0.0,9451.43,23,0
MERCH_12766,F,1,7,4.62,3734.98,10,1
MERCH_12767,F,0,3,1.29,3267.05,23,1
MERCH_12768,F,0,1,0.6,6211.08,33,0
MERCH_12769,M,0,8,6.03,3456.69,19,1
MERCH_12770,F,0,1,0.76,1367.84,34,0
MERCH_12771,F,0,1,0.51,4614.08,3,1
MERCH_12772,M,1,3,1.62,4312.27,7,0
MERCH_12773,F,0,6,4.01,2668.23,1,1
MERCH_12774,F,2,0,0.0,8298.86,1,1
MERCH_12775,F,0,2,1.74,9160.43,30,1
MERCH_12776,F,2,3,1.34,10643.52,32,1
MERCH_12777,F,0,6,5.45,1083.62,19,1
MERCH_12778,F,1,3,2.73,2959.77,10,0
MERCH_12779,F,0,8,3.23,2757.11,33,1
MERCH_12780,F,0,5,3.39,6765.63,4,0
MERCH_12781,M,2,2,1.45,848.1,20,1
MERCH_12782,M,0,3,2.11,2790.78,15,0
MERCH_12783,M,1,5,3.69,18557.64,30,1
MERCH_12784,M,1,0,0.0,12295.49,7,1
MERCH_12785,F,0,5,2.81,7870.03,18,1
MERCH_12786,M,0,4,1.81,2132.0,30,1
MERCH_12787,F,1,2,1.03,2987.53,8,0
MERCH_12788,M,0,10,8.07,2106.07,21,1
MERCH_12789,M,1,2,1.07,3389.92,7,0
MERCH_12790,M,2,0,0.0,26554.15,5,0
MERCH_12791,M,0,4,2.49,2941.87,32,1
MERCH_12792,F,0,8,5.02,3425.47,16,1
MERCH_12793,F,1,2,1.76,3055.61,26,1
MERCH_12794,F,0,7,3.63,1573.68,27,0
MERCH_12795,F,0,5,2.52,5035.42,28,1
MERCH_12796,F,0,4,3.77,2490.61,33,1
MERCH_12797,F,1,2,1.39,5616.62,2,1
MERCH_12798,M,0,3,1.51,2851.12,15,1
MERCH_12799,F,0,2,0.98,1902.8,7,1
MERCH_12800,M,1,1,0.87,535.92,20,1
MERCH_12801,M,0,5,3.65,731.53,13,0
MERCH_12802,M,0,2,0.93,2715.18,32,0
MERCH_12803,M,2,2,1.78,15180.62,29,0
MERCH_12804,F,1,2,1.29,5096.23,4,0
MERCH_12805,M,1,3,2.83,20701.39,19,1
MERCH_12806,M,0,3,1.66,4957.36,10,1
MERCH_12807,F,1,4,2.76,16423.64,12,0
MERCH_12808,F,0,5,2.48,603.52,22,1
MERCH_12809,M,0,4,2.57,4788.81,27,0
MERCH_12810,F,0,1,0.5,1606.96,35,1
MERCH_12811,F,0,5,2.84,7191.29,17,1
MERCH_12812,M,1,2,1.1,6391.15,6,1
MERCH_12813,F,0,5,2.78,1547.49,14,1
MERCH_12814,F,1,3,2.8,4787.09,33,0
MERCH_12815,M,1,5,2.11,12816.82,28,0
MERCH_12816,F,1,0,0.0,1662.76,7,0
MERCH_12817,F,0,7,5.22,3029.64,11,1
MERCH_12818,F,1,2,1.53,7167.24,33,1
MERCH_12819,F,0,5,4.08,1240.36,3,1
MERCH_12820,M,0,2,1.64,5405.98,22,1
MERCH_12821,F,2,2,1.85,12088.74,13,0
MERCH_12822,F,0,9,7.34,1311.33,29,1
MERCH_12823,F,0,6,5.12,877.39,6,1
MERCH_12824,F,2,1,0.69,6752.87,28,0
MERCH_12825,M,0,7,5.33,4106.68,15,1
MERCH_12826,M,1,0,0.0,10528.32,24,0
MERCH_12827,F,0,4,2.21,4175.25,26,0
MERCH_12828,F,0,3,1.72,340.17,1,1
MERCH_12829,F,0,9,5.38,1156.96,26,1
MERCH_12830,F,0,4,2.35,3283.25,31,1
MERCH_12831,M,0,2,1.39,1311.19,23,1
MERCH_12832,F,1,4,2.14,16432.41,32,1
MERCH_12833,F,1,2,1.37,6265.97,1,1
MERCH_12834,F,2,0,0.0,2741.98,18,1
MERCH_12835,M,0,1,0.62,826.35,17,0
MERCH_12836,M,1,1,0.52,8648.67,28,1
MERCH_12837,F,1,1,0.59,3034.64,1,0
MERCH_12838,M,2,2,1.76,1136.23,5,1
MERCH_12839,F,0,5,4.59,1341.65,5,0
MERCH_12840,F,1,2,1.78,27020.4,2,0
MERCH_12841,M,2,1,0.56,655.68,11,1
MERCH_12842,M,0,5,3.07,1621.09,35,1
MERCH_12843,M,2,2,1.87,4776.12,30,0
MERCH_12844,F,0,5,2.89,1362.07,32,1
MERCH_12845,F,1,2,0.95,6861.68,8,1
MERCH_12846,M,2,1,0.56,9539.95,2,0
MERCH_12847,F,1,1,0.93,14071.84,25,0
MERCH_12848,F,0,5,3.14,11273.33,19,1
MERCH_12849,F,0,4,3.65,4191.67,7,0
MERCH_12850,M,2,1,0.46,16372.33,14,0
MERCH_12851,F,0,5,4.11,1675.22,4,0
MERCH_12852,F,0,7,3.16,2345.72,33,1
MERCH_12853,M,1,5,2.54,6409.6,30,1
MERCH_12854,F,0,2,1.48,1422.89,20,1
MERCH_12855,F,0,5,3.19,2622.47,14,1
MERCH_12856,F,0,5,3.83,666.15,27,1
MERCH_12857,F,0,5,4.68,1602.74,13,1
MERCH_12858,F,1,2,0.86,18033.47,7,0
MERCH_12859,F,1,3,1.52,8690.55,18,1
MERCH_12860,M,1,1,0.75,18233.05,9,0
MERCH_12861,F,1,2,1.79,8819.2,23,1
MERCH_12862,M,2,2,1.68,6424.87,31,1
MERCH_12863,F,1,1,0.66,3107.72,2,0
MERCH_12864,F,0,6,4.86,2479.87,5,1
MERCH_12865,F,1,3,1.54,4327.81,23,0
MERCH_12866,F,0,6,2.45,789.6,32,1
MERCH_12867,M,1,0,0.0,3422.62,16,0
MERCH_12868,F,1,3,2.54,10905.16,11,0
MERCH_12869,F,0,4,2.55,5886.94,14,1
MERCH_12870,M,2,5,3.57,11577.35,3,1
MERCH_12871,M,0,2,1.26,1083.98,8,0
MERCH_12872,M,1,2,1.37,8700.5,15,1
MERCH_12873,F,0,5,4.43,1970.58,9,1
MERCH_12874,M,2,1,0.66,9846.32,16,0
MERCH_12875,F,0,4,1.62,1600.38,26,0
MERCH_12876,F,0,5,4.2,4478.09,32,1
MERCH_12877,F,0,2,1.48,4478.51,18,1
MERCH_12878,F,0,1,0.8,4084.52,8,1
MERCH_12879,F,0,2,1.79,2774.86,32,0
MERCH_12880,F,1,2,1.11,13728.1,10,0
MERCH_12881,M,0,4,2.71,642.53,12,1
MERCH_12882,F,0,3,2.19,1884.4,12,1
MERCH_12883,F,0,8,4.72,5528.85,10,1
MERCH_12884,F,1,1,0.87,3238.05,34,1
MERCH_12885,M,1,2,1.57,14182.23,30,0
MERCH_12886,F,1,1,0.8,9099.22,31,1
MERCH_12887,F,1,2,1.69,6945.43,25,1
MERCH_12888,M,0,2,1.08,1910.03,24,1
MERCH_12889,M,0,6,4.86,1083.72,33,0
MERCH_12890,F,0,4,3.3,4752.29,9,1
MERCH_12891,M,1,2,1.73,8615.74,25,0
MERCH_12892,M,2,1,0.67,16620.27,20,0
MERCH_12893,M,0,3,2.03,3918.69,17,1
MERCH_12894,F,0,3,1.36,2584.66,6,0
MERCH_12895,M,0,5,4.34,1727.71,20,1
MERCH_12896,F,0,4,2.77,992.48,26,1
MERCH_12897,F,1,2,1.45,2360.48,12,1
MERCH_12898,F,0,3,1.4,5375.74,7,0
MERCH_12899,F,2,2,1.46,6189.59,30,0
MERCH_12900,F,0,3,1.27,3653.56,22,0
MERCH_12901,M,2,1,0.91,3222.33,29,0
MERCH_12902,F,1,3,2.62,4104.82,22,1
MERCH_12903,F,1,1,0.51,5774.34,24,1
MERCH_12904,F,1,3,2.18,7037.12,3,1
MERCH_12905,F,1,0,0.0,1560.21,24,0
MERCH_12906,M,1,1,0.84,1773.58,26,1
MERCH_12907,F,1,1,0.82,3890.06,5,1
MERCH_12908,F,1,0,0.0,8697.92,13,1
MERCH_12909,F,2,3,1.78,10456.8,22,0
MERCH_12910,F,1,3,1.41,10821.45,34,0
MERCH_12911,F,1,1,0.72,14549.79,3,0
MERCH_12912,M,2,1,0.82,2008.29,32,0
MERCH_12913,M,0,3,1.67,2583.38,24,1
MERCH_12914,F,0,3,1.59,3048.3,9,0
MERCH_12915,M,0,5,4.21,7950.65,3,1
MERCH_12916,M,1,0,0.0,15297.8,22,1
MERCH_12917,M,1,1,0.51,6408.69,24,1
MERCH_12918,F,0,4,3.51,1960.09,10,1
MERCH_12919,F,1,1,0.47,2870.02,35,1
MERCH_12920,F,1,1,0.46,4735.31,20,0
MERCH_12921,M,0,3,1.78,3457.2,12,0
MERCH_12922,M,1,1,0.89,8930.21,12,0
MERCH_12923,F,1,0,0.0,3821.11,17,1
MERCH_12924,F,0,3,1.85,1023.98,4,1
MERCH_12925,M,1,3,1.46,11770.31,8,1
MERCH_12926,M,1,1,0.79,9645.56,7,0
MERCH_12927,M,0,6,4.38,1369.17,18,1
MERCH_12928,M,0,3,2.83,3978.95,26,1
MERCH_12929,F,2,3,2.46,7006.03,31,0
MERCH_12930,F,0,0,0.0,2108.9,8,0
MERCH_12931,M,0,6,4.8,423.7,34,1
MERCH_12932,F,0,5,2.71,2728.36,16,1
MERCH_12933,F,1,2,1.86,4103.13,20,1
MERCH_12934,M,1,2,0.82,6674.79,10,1
MERCH_12935,F,1,4,2.12,9795.3,5,1
MERCH_12936,M,0,3,2.02,1389.69,11,1
MERCH_12937,F,2,4,1.77,3224.82,22,1
MERCH_12938,M,0,3,1.77,905.43,11,1
MERCH_12939,F,0,2,1.35,6656.58,18,1
MERCH_12940,F,0,3,1.94,1564.99,18,1
MERCH_12941,F,0,4,2.61,1776.26,31,1
MERCH_12942,F,2,5,4.42,8733.55,20,0
MERCH_12943,M,2,1,0.68,13354.55,23,0
MERCH_12944,M,0,8,7.34,3188.84,10,1
MERCH_12945,F,2,5,2.41,3793.29,17,1
MERCH_12946,F,1,2,1.11,3562.01,8,1
MERCH_12947,F,2,2,1.52,5370.92,31,1
MERCH_12948,F,0,6,3.33,5492.02,26,1
MERCH_12949,M,1,3,1.77,8556.77,9,0
MERCH_12950,M,0,3,2.69,2391.9,32,1
MERCH_12951,M,1,4,2.78,5504.56,23,1
MERCH_12952,M,0,3,1.75,3517.86,32,1
MERCH_12953,F,1,2,1.65,8965.54,5,0
MERCH_12954,M,0,8,3.51,5030.25,1,1
MERCH_12955,M,0,5,3.55,331.82,31,1
MERCH_12956,M,1,0,0.0,18258.27,31,0
MERCH_12957,M,2,1,0.5,9880.43,9,0
MERCH_12958,F,1,1,0.43,8177.27,33,0
MERCH_12959,M,2,3,2.69,6015.19,35,0
MERCH_12960,F,0,5,2.13,261.43,26,1
MERCH_12961,F,1,2,1.37,8232.66,2,0
MERCH_12962,F,0,9,4.71,2731.88,34,1
MERCH_12963,M,0,2,1.22,8328.85,17,0
MERCH_12964,M,1,2,1.34,2981.08,6,0
MERCH_12965,M,1,4,2.59,4851.36,31,1
MERCH_12966,M,1,0,0.0,9294.76,28,1
MERCH_12967,F,1,1,0.9,17684.49,21,0
MERCH_12968,M,1,0,0.0,8950.52,11,0
MERCH_12969,F,0,4,1.65,2182.09,27,1
MERCH_12970,F,0,3,2.68,800.31,20,1
MERCH_12971,F,1,2,1.88,7964.07,20,1
MERCH_12972,M,0,4,2.55,1193.38,2,0
MERCH_12973,M,0,5,3.25,1363.35,27,0
MERCH_12974,F,0,8,3.83,2782.05,18,1
MERCH_12975,F,1,1,0.66,6544.01,13,0
MERCH_12976,M,0,4,2.27,3015.57,18,1
MERCH_12977,F,1,2,1.89,5303.96,11,0
MERCH_12978,M,1,1,0.5,7909.96,14,1
MERCH_12979,M,0,2,1.22,1117.73,4,0
MERCH_12980,F,1,2,1.48,3786.28,13,1
MERCH_12981,F,1,0,0.0,15121.12,19,1
MERCH_12982,M,1,4,2.64,24647.98,25,1
MERCH_12983,M,1,1,0.94,22649.17,15,0
MERCH_12984,F,0,5,3.4,1478.83,20,1
MERCH_12985,M,1,1,0.9,10290.55,17,0
MERCH_12986,F,0,7,2.97,1694.47,1,1
MERCH_12987,F,2,2,0.93,7989.48,29,0
MERCH_12988,M,1,1,0.92,8008.77,19,0
MERCH_12989,M,1,0,0.0,6495.87,30,0
MERCH_12990,F,0,5,4.03,2083.86,25,1
MERCH_12991,M,0,7,4.52,305.27,28,1
MERCH_12992,F,0,2,1.25,1587.88,11,1
MERCH_12993,F,0,3,2.29,3479.95,16,1
MERCH_12994,F,0,5,4.0,4456.52,18,1
MERCH_12995,M,1,1,0.91,6503.81,9,0
MERCH_12996,F,0,12,6.5,6437.13,28,1
MERCH_12997,F,2,1,0.78,8255.54,27,0
MERCH_12998,F,0,2,1.18,5678.28,23,0
MERCH_12999,M,2,2,1.59,8359.34,22,0
MERCH_13000,M,2,2,0.96,222.12,4,1
MERCH_13001,M,1,4,2.61,17529.9,32,1
MERCH_13002,F,1,3,1.5,6105.27,24,0
MERCH_13003,F,0,6,3.51,1950.16,28,1
MERCH_13004,F,1,4,3.17,2352.41,6,1
MERCH_13005,M,0,5,2.64,4612.54,33,1
MERCH_13006,M,0,3,2.33,865.93,31,1
MERCH_13007,F,1,2,1.35,17401.48,10,1
MERCH_13008,M,0,2,0.9,1991.96,12,1
MERCH_13009,F,1,0,0.0,13317.3,7,0
MERCH_13010,F,0,3,2.63,1082.13,24,1
MERCH_13011,F,0,1,0.94,6115.48,28,1
MERCH_13012,F,0,3,1.81,3792.57,11,0
MERCH_13013,F,0,2,0.86,1928.13,32,1
MERCH_13014,F,0,2,0.94,5268.1,20,1
MERCH_13015,F,0,6,5.0,2754.03,28,1
MERCH_13016,M,0,4,3.04,7662.05,1,1
MERCH_13017,F,1,2,1.11,4301.28,27,1
MERCH_13018,F,0,7,4.31,4934.75,16,1
MERCH_13019,M,1,1,0.85,12282.64,6,0
MERCH_13020,F,0,7,4.39,583.05,10,0
MERCH_13021,F,2,0,0.0,2317.89,19,0
MERCH_13022,M,0,3,1.69,1847.53,10,0
MERCH_13023,F,0,8,6.39,3256.37,26,0
MERCH_13024,F,1,0,0.0,13104.42,34,1
MERCH_13025,F,0,6,4.2,3202.45,1,1
MERCH_13026,M,1,1,0.73,14614.63,10,1
MERCH_13027,F,0,10,6.48,2102.71,33,1
MERCH_13028,M,2,0,0.0,13380.53,26,0
MERCH_13029,F,0,6,3.28,2718.85,34,0
MERCH_13030,F,0,3,2.83,1844.14,13,1
MERCH_13031,F,1,3,2.69,2380.88,30,1
MERCH_13032,M,0,6,4.14,367.19,24,1
MERCH_13033,F,1,0,0.0,6180.89,34,1
MERCH_13034,F,0,4,1.97,2861.15,19,1
MERCH_13035,F,1,1,0.87,4171.01,2,1
MERCH_13036,F,0,7,6.38,1731.8,30,1
MERCH_13037,M,1,3,1.47,5629.78,22,1
MERCH_13038,F,1,0,0.0,2996.22,32,1
MERCH_13039,F,0,5,3.71,1315.66,33,1
MERCH_13040,F,0,2,1.13,3907.77,15,1
MERCH_13041,M,0,2,1.28,2250.48,6,1
MERCH_13042,F,2,2,1.54,9601.36,16,0
MERCH_13043,F,0,1,0.46,477.73,21,1
MERCH_13044,M,0,7,3.53,5513.11,34,1
MERCH_13045,M,0,4,1.67,2598.77,35,1
MERCH_13046,F,0,7,6.27,4337.65,33,1
MERCH_13047,F,1,3,2.15,2584.49,8,1
MERCH_13048,F,2,3,2.06,10657.97,12,0
MERCH_13049,F,1,0,0.0,5633.86,18,1
MERCH_13050,F,1,1,0.94,26393.51,21,0
MERCH_13051,F,1,0,0.0,4426.03,27,0
MERCH_13052,F,0,4,1.89,2694.59,12,1
MERCH_13053,F,0,3,1.69,938.34,6,1
MERCH_13054,M,1,2,1.79,7984.07,31,1
MERCH_13055,M,2,0,0.0,7134.99,34,0
MERCH_13056,F,2,1,0.84,15491.56,7,0
MERCH_13057,F,0,4,2.05,2790.15,31,1
MERCH_13058,F,0,3,2.01,1926.77,4,1
MERCH_13059,M,0,4,1.88,2343.68,17,1
MERCH_13060,F,2,1,0.63,1381.06,29,0
MERCH_13061,F,2,1,0.54,8802.14,3,0
MERCH_13062,F,1,1,0.7,13983.47,24,1
MERCH_13063,F,0,3,2.49,2733.29,3,1
MERCH_13064,F,1,4,3.66,1704.15,27,1
MERCH_13065,F,0,5,2.78,3192.28,1,1
MERCH_13066,F,0,5,4.04,3292.93,15,0
MERCH_13067,M,1,3,2.66,10512.97,14,1
MERCH_13068,F,0,4,1.87,2345.98,4,1
MERCH_13069,M,0,6,4.33,2886.04,4,1
MERCH_13070,M,2,0,0.0,9840.19,25,0
MERCH_13071,F,1,1,0.55,3443.24,11,1
MERCH_13072,F,0,9,3.71,1317.85,33,1
MERCH_13073,F,1,4,2.16,10659.84,11,1
MERCH_13074,F,0,3,2.16,1294.11,12,0
MERCH_13075,M,1,0,0.0,6703.82,15,0
MERCH_13076,M,1,3,1.67,10539.77,26,0
MERCH_13077,F,1,1,0.79,14633.57,24,1
MERCH_13078,F,1,3,1.86,4564.25,26,1
MERCH_13079,M,0,5,2.18,1263.75,27,1
MERCH_13080,M,0,3,1.86,3524.22,27,1
MERCH_13081,M,0,5,4.75,5051.8,2,1
MERCH_13082,F,0,4,2.17,557.31,23,1
MERCH_13083,F,1,4,2.18,7555.24,9,0
MERCH_13084,M,0,4,1.97,6590.48,8,1
MERCH_13085,M,0,1,0.55,1177.27,1,0
MERCH_13086,F,0,4,2.86,3617.37,21,1
MERCH_13087,F,2,2,1.86,6904.16,26,0
MERCH_13088,F,0,4,2.94,2354.5,15,1
MERCH_13089,F,1,1,0.63,6333.03,25,1
MERCH_13090,F,0,3,1.84,3018.0,16,1
MERCH_13091,M,0,6,2.48,5196.8,35,1
MERCH_13092,F,0,4,1.61,1220.41,23,1
MERCH_13093,M,1,1,0.84,3953.12,12,0
MERCH_13094,F,1,3,2.01,8829.02,19,1
MERCH_13095,M,2,8,3.35,9185.43,34,1
MERCH_13096,M,0,5,2.79,2093.84,8,1
MERCH_13097,F,0,6,3.58,4694.16,23,1
MERCH_13098,F,2,2,1.66,4301.88,11,1
MERCH_13099,F,0,3,1.92,1346.11,34,1
MERCH_13100,F,1,1,0.83,8142.43,5,0
MERCH_13101,M,1,0,0.0,3571.76,25,0
MERCH_13102,M,0,2,0.84,10441.34,24,0
MERCH_13103,F,1,4,3.73,2180.89,24,1
MERCH_13104,F,0,7,3.5,6130.48,34,1
MERCH_13105,F,0,0,0.0,1377.26,18,0
MERCH_13106,M,0,2,1.69,706.53,12,1
MERCH_13107,F,1,0,0.0,8714.75,15,0
MERCH_13108,F,0,6,3.72,2068.67,12,1
MERCH_13109,F,1,1,0.88,25438.12,29,0
MERCH_13110,F,2,2,1.5,9640.86,29,0
MERCH_13111,F,1,3,1.7,6043.45,20,1
MERCH_13112,M,1,2,1.51,6955.93,15,0
MERCH_13113,F,0,4,3.39,287.83,3,0
MERCH_13114,F,0,2,1.24,215.81,16,1
MERCH_13115,M,0,3,2.14,538.68,19,0
MERCH_13116,M,1,1,0.94,6327.45,7,0
MERCH_13117,F,2,0,0.0,7393.09,22,1
MERCH_13118,F,2,2,1.36,9880.59,15,0
MERCH_13119,F,2,1,0.45,11911.94,9,0
MERCH_13120,F,2,4,3.14,912.13,17,1
MERCH_13121,F,0,4,2.19,3002.56,33,1
MERCH_13122,F,1,0,0.0,16463.9,2,0
MERCH_13123,F,2,0,0.0,5312.31,7,0
MERCH_13124,M,0,3,2.39,10016.99,31,0
MERCH_13125,F,2,4,2.41,7008.68,14,0
MERCH_13126,M,0,3,2.75,1456.91,4,0
MERCH_13127,F,1,0,0.0,13117.36,10,0
MERCH_13128,M,1,4,1.75,9867.13,22,1
MERCH_13129,M,2,3,2.49,16996.66,24,0
MERCH_13130,M,0,2,1.24,3942.91,18,1
MERCH_13131,M,1,1,0.66,7438.3,11,0
MERCH_13132,M,1,1,0.91,12184.64,1,0
MERCH_13133,F,0,4,2.9,488.62,32,1
MERCH_13134,F,1,3,2.29,10442.97,16,0
MERCH_13135,F,1,0,0.0,6770.59,14,1
MERCH_13136,M,1,0,0.0,2338.6,33,0
MERCH_13137,M,0,5,3.07,3867.67,7,0
MERCH_13138,F,0,3,1.96,5136.31,19,1
MERCH_13139,F,1,2,1.69,5679.38,25,0
MERCH_13140,F,0,6,4.13,1175.72,5,1
MERCH_13141,M,0,6,5.66,4646.29,10,1
MERCH_13142,F,2,1,0.84,3451.21,4,0
MERCH_13143,F,1,1,0.8,7466.09,24,1
MERCH_13144,F,1,1,0.72,7209.8,6,0
MERCH_13145,F,0,2,1.25,1099.18,12,1
MERCH_13146,M,0,6,2.57,720.22,20,1
MERCH_13147,M,0,7,2.87,4277.42,26,1
MERCH_13148,M,0,2,0.85,3124.03,12,1
MERCH_13149,F,1,3,2.78,5091.31,33,0
MERCH_13150,F,1,1,0.58,5247.54,12,1
MERCH_13151,F,0,4,3.14,3298.88,4,1
MERCH_13152,M,0,3,2.18,1559.21,17,1
MERCH_13153,F,0,4,2.86,2067.96,10,0
MERCH_13154,F,0,5,3.59,1447.02,19,1
MERCH_13155,F,0,4,2.27,1910.09,33,1
MERCH_13156,M,2,2,1.78,6105.79,28,1
MERCH_13157,F,1,1,0.91,10187.65,2,1
MERCH_13158,M,1,5,3.77,4163.15,21,1
MERCH_13159,F,0,6,5.25,4842.29,23,1
MERCH_13160,F,2,0,0.0,9991.68,33,0
MERCH_13161,F,1,0,0.0,6823.52,26,1
MERCH_13162,F,1,0,0.0,5826.34,30,1
MERCH_13163,F,0,5,4.33,1719.74,4,1
MERCH_13164,F,2,2,1.15,12791.98,6,0
MERCH_13165,F,1,2,1.4,4681.34,34,1
MERCH_13166,M,2,0,0.0,961.0,20,0
MERCH_13167,F,0,3,2.83,1521.41,15,0
MERCH_13168,M,0,6,4.93,5785.14,23,1
MERCH_13169,F,0,4,2.4,924.05,9,1
MERCH_13170,M,0,10,9.41,6798.86,34,1
MERCH_13171,F,2,2,0.9,4930.73,34,1
MERCH_13172,F,0,5,3.28,1566.06,27,1
MERCH_13173,F,0,7,3.03,7643.67,16,1
MERCH_13174,F,0,5,2.92,2731.36,4,1
MERCH_13175,F,0,4,2.08,4058.33,28,1
MERCH_13176,M,0,1,0.57,1087.16,17,1
MERCH_13177,M,1,1,0.92,5389.8,12,0
MERCH_13178,M,1,1,0.63,675.9,5,1
MERCH_13179,M,0,8,4.63,1455.89,35,1
MERCH_13180,F,0,5,3.76,1842.88,30,1
MERCH_13181,F,0,5,3.88,1710.69,14,1
MERCH_13182,F,0,2,1.88,2054.46,14,1
MERCH_13183,F,1,1,0.7,5372.71,2,0
MERCH_13184,F,1,1,0.81,867.23,28,0
MERCH_13185,F,1,0,0.0,4206.79,21,0
MERCH_13186,F,1,4,1.98,7576.87,15,0
MERCH_13187,F,0,7,4.45,2961.06,23,1
MERCH_13188,M,2,0,0.0,16621.64,10,0
MERCH_13189,M,1,3,1.89,693.6,26,1
MERCH_13190,F,2,1,0.78,4416.68,35,0
MERCH_13191,M,0,2,1.25,4198.09,34,1
MERCH_13192,M,2,5,4.62,7224.57,2,1
MERCH_13193,F,1,4,3.76,4546.06,31,1
MERCH_13194,F,1,2,1.38,13578.7,5,0
MERCH_13195,F,0,6,4.24,2353.21,19,1
MERCH_13196,M,1,2,1.25,11392.26,30,0
MERCH_13197,M,2,3,1.79,6422.31,17,0
MERCH_13198,F,1,2,1.88,743.53,29,1
MERCH_13199,F,1,1,0.42,16914.77,12,0
MERCH_13200,F,2,1,0.63,5827.02,8,1
MERCH_13201,F,0,3,1.45,533.42,15,1
MERCH_13202,F,1,1,0.8,4295.3,34,1
MERCH_13203,M,0,1,0.51,994.42,28,0
MERCH_13204,M,2,2,1.77,429.54,21,0
MERCH_13205,M,0,10,6.06,1746.64,17,1
MERCH_13206,M,1,2,1.81,786.19,18,1
MERCH_13207,M,1,3,2.83,5207.71,24,1
MERCH_13208,F,1,1,0.82,8116.4,24,0
MERCH_13209,F,1,3,2.23,7980.64,12,1
MERCH_13210,F,2,1,0.48,3803.13,1,0
MERCH_13211,M,2,1,0.91,2136.21,32,0
MERCH_13212,F,0,5,4.14,4056.74,5,1
MERCH_13213,M,0,5,2.79,3058.79,26,1
MERCH_13214,F,0,4,2.63,1491.94,3,0
MERCH_13215,F,0,2,0.87,442.34,33,1
MERCH_13216,F,1,1,0.76,2633.91,20,1
MERCH_13217,F,2,2,0.94,20765.93,12,0
MERCH_13218,M,1,2,1.52,11485.5,20,0
MERCH_13219,M,0,6,4.62,2734.91,17,1
MERCH_13220,F,0,2,1.16,991.73,8,1
MERCH_13221,F,1,1,0.92,3024.99,13,1
MERCH_13222,F,1,2,1.66,12529.66,9,1
MERCH_13223,F,0,1,0.67,6060.7,19,1
MERCH_13224,F,2,2,1.81,12661.98,26,1
MERCH_13225,M,2,2,1.74,5092.57,5,0
MERCH_13226,F,0,5,3.9,1152.98,25,1
MERCH_13227,F,2,1,0.48,2729.18,5,0
MERCH_13228,F,0,6,4.04,1582.73,23,0
MERCH_13229,F,1,2,1.75,3011.03,35,1
MERCH_13230,F,0,2,1.47,2346.89,32,1
MERCH_13231,F,0,2,1.4,2130.59,6,1
MERCH_13232,F,2,2,1.85,24548.69,14,1
MERCH_13233,F,0,2,0.82,4233.11,29,1
MERCH_13234,F,1,0,0.0,7126.64,22,1
MERCH_13235,F,0,2,1.78,8132.39,20,0
MERCH_13236,F,0,7,2.95,3053.69,8,1
MERCH_13237,M,0,5,2.91,947.91,27,1
MERCH_13238,F,0,3,2.72,4026.34,7,1
MERCH_13239,F,1,5,3.9,2165.98,34,1
MERCH_13240,F,0,3,2.27,312.72,28,1
MERCH_13241,F,1,2,1.52,8937.58,31,1
MERCH_13242,F,1,4,2.3,10137.33,21,1
MERCH_13243,M,1,4,2.77,12107.97,10,1
MERCH_13244,M,0,6,4.48,3358.42,13,1
MERCH_13245,F,2,0,0.0,8645.32,26,0
MERCH_13246,F,0,5,4.19,1322.8,34,1
MERCH_13247,F,0,5,2.88,2602.81,19,1
MERCH_13248,M,0,8,3.51,4047.29,6,1
MERCH_13249,F,0,3,1.53,2877.81,15,1
MERCH_13250,F,0,4,2.5,3579.42,18,1
MERCH_13251,F,1,2,1.8,10489.03,20,0
MERCH_13252,F,0,9,5.66,4435.51,1,1
MERCH_13253,F,0,2,0.9,479.49,22,1
MERCH_13254,F,1,0,0.0,8770.04,18,1
MERCH_13255,F,0,3,2.1,7902.28,10,1
MERCH_13256,M,0,4,1.99,2506.7,20,1
MERCH_13257,F,0,4,1.74,2528.02,6,1
MERCH_13258,F,1,1,0.79,5405.38,22,1
MERCH_13259,M,0,4,3.33,1698.82,4,1
MERCH_13260,F,0,6,5.21,6600.54,4,0
MERCH_13261,F,1,2,1.73,734.05,19,0
MERCH_13262,F,1,2,1.22,8326.97,29,1
MERCH_13263,F,1,2,1.61,5544.86,28,0
MERCH_13264,M,1,1,0.72,1099.85,13,0
MERCH_13265,F,0,6,2.48,4030.38,28,1
MERCH_13266,F,0,4,2.48,2099.61,30,1
MERCH_13267,F,0,0,0.0,2738.52,22,1
MERCH_13268,F,0,2,0.89,1586.05,23,1
MERCH_13269,M,0,5,2.15,3098.21,18,1
MERCH_13270,F,0,5,4.64,3412.54,17,1
MERCH_13271,F,1,2,1.73,2599.2,31,0
MERCH_13272,M,1,3,1.92,2588.54,28,1
MERCH_13273,F,0,5,2.68,1581.06,8,1
MERCH_13274,M,1,0,0.0,18048.44,32,0
MERCH_13275,M,0,5,3.19,1650.84,6,1
MERCH_13276,M,0,6,4.38,1613.61,8,1
MERCH_13277,F,1,1,0.84,4025.4,22,1
MERCH_13278,F,0,2,0.86,6906.97,31,1
MERCH_13279,M,0,3,1.89,2549.47,6,1
MERCH_13280,F,0,3,2.81,4723.21,4,1
MERCH_13281,F,2,3,1.4,15101.74,7,0
MERCH_13282,M,1,3,1.86,2845.94,34,1
MERCH_13283,M,0,3,1.65,1203.34,27,1
MERCH_13284,F,1,3,1.42,8147.85,2,0
MERCH_13285,F,1,0,0.0,2744.37,14,1
MERCH_13286,F,1,2,1.57,3521.19,29,1
MERCH_13287,M,1,2,1.25,5138.05,22,0
MERCH_13288,M,0,4,2.41,1216.08,5,1
MERCH_13289,F,0,3,2.57,740.64,18,1
MERCH_13290,F,1,1,0.45,4109.34,16,1
MERCH_13291,M,1,3,1.44,7020.05,6,1
MERCH_13292,F,1,1,0.9,3037.4,1,0
MERCH_13293,F,1,0,0.0,4277.42,12,0
MERCH_13294,M,2,1,0.83,5507.84,24,1
MERCH_13295,F,2,2,1.49,21125.73,11,0
MERCH_13296,F,2,1,0.56,3415.92,34,1
MERCH_13297,F,1,3,2.74,16521.79,29,0
MERCH_13298,F,2,1,0.67,713.76,32,1
MERCH_13299,M,0,7,3.88,3912.29,21,1
MERCH_13300,F,0,2,1.2,3405.28,33,1
MERCH_13301,M,0,3,1.23,3900.79,33,1
MERCH_13302,F,1,6,3.24,10723.02,28,1
MERCH_13303,F,1,1,0.5,13389.63,1,0
MERCH_13304,F,1,0,0.0,5019.51,12,0
MERCH_13305,F,0,3,1.25,5577.94,33,1
MERCH_13306,F,0,6,3.15,1187.86,5,1
MERCH_13307,F,1,0,0.0,849.5,2,0
MERCH_13308,F,0,6,2.55,365.89,24,0
MERCH_13309,F,0,5,2.38,2533.66,21,0
MERCH_13310,M,0,1,0.51,3181.04,30,1
MERCH_13311,M,0,6,3.77,4060.65,15,1
MERCH_13312,M,1,3,2.16,7374.65,9,1
MERCH_13313,F,0,6,3.46,1280.01,32,1
MERCH_13314,F,1,1,0.48,11959.02,8,0
MERCH_13315,M,0,5,4.59,2254.13,23,1
MERCH_13316,F,1,2,1.37,3675.01,27,1
MERCH_13317,F,0,2,1.62,3032.95,8,1
MERCH_13318,M,1,3,2.35,6604.71,29,1
MERCH_13319,M,1,0,0.0,37830.33,11,0
MERCH_13320,F,0,4,2.83,10037.14,21,1
MERCH_13321,F,2,1,0.73,3396.88,30,1
MERCH_13322,M,1,2,1.19,1028.66,33,1
MERCH_13323,F,0,3,2.31,923.33,3,0
MERCH_13324,M,0,5,4.17,421.77,13,1
MERCH_13325,M,2,3,1.8,10153.62,23,0
MERCH_13326,M,1,3,1.22,15593.93,26,0
MERCH_13327,F,0,3,1.78,929.02,10,1
MERCH_13328,F,0,2,0.93,4902.25,23,1
MERCH_13329,M,1,0,0.0,2015.57,8,0
MERCH_13330,F,1,2,1.2,14366.0,14,1
MERCH_13331,M,1,1,0.51,3248.06,24,1
MERCH_13332,F,0,2,1.83,2380.05,18,1
MERCH_13333,F,1,2,1.52,12216.02,25,1
MERCH_13334,M,0,2,1.37,1680.91,20,1
MERCH_13335,M,0,4,1.62,618.64,25,1
MERCH_13336,M,1,1,0.46,26062.91,17,0
MERCH_13337,M,2,2,1.67,1866.41,4,1
MERCH_13338,F,0,4,2.46,6993.57,21,1
MERCH_13339,M,0,3,1.28,3328.9,20,0
MERCH_13340,M,1,2,1.71,15756.49,17,0
MERCH_13341,F,1,3,1.7,10819.52,35,1
MERCH_13342,F,1,1,0.61,1940.74,23,0
MERCH_13343,F,1,3,2.81,1323.7,21,1
MERCH_13344,F,0,6,2.45,1276.22,21,1
MERCH_13345,M,2,2,1.59,634.92,24,1
MERCH_13346,F,1,2,1.84,7384.17,18,1
MERCH_13347,F,2,2,0.87,7704.45,19,0
MERCH_13348,F,1,3,2.63,5600.02,5,1
MERCH_13349,F,2,2,1.26,2754.75,27,0
MERCH_13350,F,0,2,1.77,2843.14,6,1
MERCH_13351,F,0,3,1.71,1084.66,14,1
MERCH_13352,M,2,2,1.88,6909.51,3,1
MERCH_13353,F,0,5,3.78,1038.73,1,1
MERCH_13354,F,0,8,5.96,1608.1,31,1
MERCH_13355,F,1,4,3.37,35068.49,10,0
MERCH_13356,M,1,2,1.28,13032.85,31,1
MERCH_13357,F,0,4,2.17,681.62,17,1
MERCH_13358,M,2,2,1.09,21326.46,16,1
MERCH_13359,M,1,2,1.16,10700.73,27,1
MERCH_13360,M,1,2,1.48,5320.25,16,0
MERCH_13361,F,1,3,2.58,6066.36,4,0
MERCH_13362,M,0,3,2.02,2844.63,27,1
MERCH_13363,F,0,5,3.11,7028.13,9,1
MERCH_13364,M,0,3,2.51,3295.48,25,1
MERCH_13365,F,1,2,1.12,3791.15,24,1
MERCH_13366,F,1,3,2.34,5299.5,28,0
MERCH_13367,F,1,2,0.92,3865.79,18,0
MERCH_13368,F,1,3,1.39,8746.37,26,0
MERCH_13369,M,1,1,0.75,10520.38,10,1
MERCH_13370,F,1,1,0.45,10605.34,34,1
MERCH_13371,F,0,5,2.43,5667.58,11,0
MERCH_13372,F,0,7,5.2,3392.25,14,1
MERCH_13373,M,2,3,1.92,2602.69,1,1
MERCH_13374,M,0,4,2.83,5880.86,17,1
MERCH_13375,M,0,5,4.69,2047.21,17,1
MERCH_13376,M,1,3,2.24,6798.58,10,0
MERCH_13377,F,0,3,2.17,1683.29,30,1
MERCH_13378,F,2,0,0.0,3438.13,33,1
MERCH_13379,M,0,5,3.73,1227.51,2,1
MERCH_13380,F,0,3,1.22,4485.93,20,1
MERCH_13381,F,0,8,5.65,2456.34,32,1
MERCH_13382,F,1,0,0.0,5184.66,3,0
MERCH_13383,F,0,3,1.56,5745.94,5,1
MERCH_13384,F,1,2,1.42,10184.52,20,0
MERCH_13385,M,2,1,0.77,5694.23,3,0
MERCH_13386,F,2,3,1.83,18690.77,3,0
MERCH_13387,F,0,4,2.52,5349.21,6,1
MERCH_13388,F,0,7,4.72,1739.04,24,1
MERCH_13389,M,1,2,1.63,4213.85,8,0
MERCH_13390,F,2,1,0.41,11216.46,16,1
MERCH_13391,M,2,1,0.65,4959.16,1,1
MERCH_13392,M,0,7,2.85,2484.87,14,0
MERCH_13393,F,1,1,0.58,6390.16,10,0
MERCH_13394,M,0,6,4.12,2549.29,10,1
MERCH_13395,M,0,8,3.55,6605.49,22,0
MERCH_13396,M,0,6,4.0,2510.75,31,1
MERCH_13397,M,0,4,3.63,4080.31,4,1
MERCH_13398,F,0,5,3.88,2650.12,23,1
MERCH_13399,F,0,4,3.32,2461.21,12,1
MERCH_13400,F,1,0,0.0,2759.7,8,1
MERCH_13401,F,0,1,0.89,427.54,24,1
MERCH_13402,M,1,0,0.0,3658.4,1,0
MERCH_13403,F,0,5,3.24,302.17,26,1
MERCH_13404,M,0,5,3.64,1275.48,22,1
MERCH_13405,M,0,1,0.88,2490.82,25,0
MERCH_13406,M,0,2,1.14,1540.24,31,1
MERCH_13407,M,1,2,0.8,1104.55,34,1
MERCH_13408,F,0,4,3.74,13605.22,11,0
MERCH_13409,F,1,1,0.41,6609.46,4,1
MERCH_13410,F,0,2,0.97,2156.75,8,0
MERCH_13411,F,1,1,0.63,16272.12,35,0
MERCH_13412,F,1,2,1.35,14531.17,25,1
MERCH_13413,F,0,5,4.29,2157.61,31,0
MERCH_13414,M,0,3,1.94,2336.27,23,1
MERCH_13415,F,0,2,1.4,7854.69,4,1
MERCH_13416,F,1,2,1.02,6556.35,7,1
MERCH_13417,M,0,11,7.84,4637.43,10,1
MERCH_13418,F,1,2,1.18,4290.92,6,0
MERCH_13419,F,1,1,0.45,3091.17,31,1
MERCH_13420,M,2,3,2.76,10303.73,4,0
MERCH_13421,F,1,0,0.0,13763.37,21,1
MERCH_13422,M,1,2,1.55,2220.54,20,1
MERCH_13423,F,0,3,2.7,3322.86,17,1
MERCH_13424,M,2,2,1.0,4441.03,6,1
MERCH_13425,F,1,3,1.59,511.25,11,1
MERCH_13426,F,0,5,3.17,793.56,18,1
MERCH_13427,F,1,2,1.12,5063.89,9,0
MERCH_13428,M,0,0,0.0,4562.38,12,1
MERCH_13429,F,1,2,1.17,11247.75,31,1
MERCH_13430,F,1,4,3.77,2095.44,31,0
MERCH_13431,M,0,1,0.87,3471.55,34,1
MERCH_13432,M,1,1,0.89,3331.0,16,0
MERCH_13433,F,0,5,2.18,3230.54,12,1
MERCH_13434,M,0,2,0.99,1201.42,13,0
MERCH_13435,F,0,5,2.47,7450.57,13,1
MERCH_13436,F,1,0,0.0,3926.07,2,0
MERCH_13437,F,0,4,1.63,1784.23,15,1
MERCH_13438,M,0,5,4.22,1110.33,13,1
MERCH_13439,M,1,1,0.7,10517.34,34,1
MERCH_13440,F,0,4,2.85,1068.75,26,1
MERCH_13441,F,0,2,1.39,368.62,6,1
MERCH_13442,F,0,4,2.78,3063.28,21,1
MERCH_13443,M,0,4,2.04,2966.92,33,1
MERCH_13444,M,0,4,2.22,885.41,15,1
MERCH_13445,F,0,3,2.0,1137.12,35,1
MERCH_13446,M,2,2,1.55,5807.85,28,0
MERCH_13447,M,1,3,1.65,10922.2,6,0
MERCH_13448,F,0,3,2.53,8783.65,6,0
MERCH_13449,F,0,8,6.77,3622.79,11,1
MERCH_13450,F,0,6,3.3,3944.81,14,1
MERCH_13451,M,1,3,2.12,19799.72,21,0
MERCH_13452,M,0,6,3.55,4103.62,20,1
MERCH_13453,F,0,0,0.0,7244.28,5,0
MERCH_13454,M,2,2,1.69,7666.88,9,0
MERCH_13455,F,0,7,6.62,2989.18,30,1
MERCH_13456,F,0,4,2.84,1125.35,27,1
MERCH_13457,M,2,6,5.42,2757.66,5,1
MERCH_13458,M,1,1,0.75,4575.96,5,1
MERCH_13459,F,0,3,2.13,4210.27,15,1
MERCH_13460,F,1,1,0.66,13123.24,9,0
MERCH_13461,F,0,3,1.59,2368.2,25,1
MERCH_13462,F,1,1,0.45,15413.22,8,0
MERCH_13463,F,0,6,3.86,1671.11,14,1
MERCH_13464,F,1,3,2.13,2472.99,32,1
MERCH_13465,M,2,2,1.36,10938.71,31,1
MERCH_13466,F,2,1,0.78,8639.98,23,0
MERCH_13467,M,2,1,0.51,8839.12,1,0
MERCH_13468,M,1,1,0.59,22324.33,31,0
MERCH_13469,F,0,2,1.26,2932.45,7,1
MERCH_13470,F,0,7,3.52,4718.14,15,1
MERCH_13471,M,1,2,1.8,150.81,6,1
MERCH_13472,F,2,3,2.32,8606.49,16,1
MERCH_13473,M,0,8,3.6,629.73,14,1
MERCH_13474,M,2,2,1.58,6075.66,17,1
MERCH_13475,M,1,1,0.7,4752.3,10,0
MERCH_13476,M,2,1,0.69,19276.43,29,0
MERCH_13477,F,2,0,0.0,20075.39,8,0
MERCH_13478,F,0,4,2.96,7120.55,11,1
MERCH_13479,F,0,9,8.04,2737.84,18,1
MERCH_13480,F,0,4,3.61,229.74,20,1
MERCH_13481,F,0,3,1.37,3323.3,16,1
MERCH_13482,F,1,2,0.81,5201.58,27,1
MERCH_13483,M,1,0,0.0,7914.93,23,1
MERCH_13484,F,2,3,2.47,3000.84,14,1
MERCH_13485,F,1,5,4.27,19010.13,12,0
MERCH_13486,F,0,2,1.67,4143.68,27,0
MERCH_13487,F,0,4,2.58,2016.61,13,0
MERCH_13488,F,0,4,3.25,1220.24,16,1
MERCH_13489,F,0,1,0.8,4521.63,33,1
MERCH_13490,F,1,1,0.57,15482.58,24,0
MERCH_13491,F,0,6,2.96,1729.69,12,1
MERCH_13492,M,0,3,2.23,1262.73,9,0
MERCH_13493,M,0,3,2.32,2751.44,13,1
MERCH_13494,M,1,3,2.14,9664.93,8,1
MERCH_13495,F,0,4,2.07,847.35,18,1
MERCH_13496,M,0,4,2.21,4821.0,27,0
MERCH_13497,M,0,6,4.74,2078.65,33,1
MERCH_13498,F,2,3,2.79,17006.03,7,1
MERCH_13499,M,0,7,6.44,5735.42,13,1
MERCH_13500,F,1,2,1.37,16207.54,15,0
MERCH_13501,M,1,1,0.89,1771.67,34,1
MERCH_13502,M,1,1,0.42,2321.87,20,0
MERCH_13503,F,2,0,0.0,13055.43,17,0
MERCH_13504,M,0,5,3.31,4342.19,29,0
MERCH_13505,F,0,5,4.15,913.03,21,1
MERCH_13506,M,0,3,1.21,2304.71,14,0
MERCH_13507,F,1,0,0.0,15044.77,29,0
MERCH_13508,M,0,7,5.09,3604.36,22,1
MERCH_13509,F,0,6,3.19,4279.19,33,1
MERCH_13510,F,1,2,1.18,9599.45,13,1
MERCH_13511,F,1,1,0.51,11164.86,31,1
MERCH_13512,M,0,3,1.9,2401.37,12,1
MERCH_13513,M,1,0,0.0,6137.38,32,0
MERCH_13514,M,1,2,1.39,8055.21,6,0
MERCH_13515,M,0,4,3.39,4827.47,11,1
MERCH_13516,F,0,8,7.52,1587.75,23,1
MERCH_13517,F,1,5,2.69,5563.87,7,1
MERCH_13518,F,1,0,0.0,2553.56,20,0
MERCH_13519,F,0,5,3.09,2062.23,4,1
MERCH_13520,F,0,3,1.44,867.39,21,1
MERCH_13521,F,1,3,2.58,16076.04,30,0
MERCH_13522,F,2,0,0.0,6738.25,25,1
MERCH_13523,F,1,4,2.96,3077.32,31,1
MERCH_13524,F,0,4,1.93,4867.93,2,0
MERCH_13525,F,0,2,1.62,1053.29,20,1
MERCH_13526,M,2,2,1.87,2195.44,14,1
MERCH_13527,M,0,6,3.99,335.37,23,1
MERCH_13528,M,2,2,1.86,1276.5,5,1
MERCH_13529,F,2,0,0.0,6581.01,19,0
MERCH_13530,F,0,5,2.1,2392.46,7,1
MERCH_13531,M,2,3,2.78,11249.31,21,0
MERCH_13532,F,0,3,2.36,2724.68,33,1
MERCH_13533,F,1,3,1.51,7837.66,20,1
MERCH_13534,F,0,6,3.6,971.67,9,1
MERCH_13535,F,0,2,1.36,5024.03,31,1
MERCH_13536,F,1,0,0.0,9264.61,8,0
MERCH_13537,F,1,3,2.59,6266.38,11,1
MERCH_13538,M,0,1,0.45,2832.41,7,0
MERCH_13539,F,1,1,0.76,12098.94,21,1
MERCH_13540,F,0,8,5.3,871.46,28,1
MERCH_13541,M,0,6,4.37,1325.7,15,1
MERCH_13542,F,0,4,2.72,249.19,8,0
MERCH_13543,F,0,4,2.59,2326.47,12,1
MERCH_13544,M,0,4,2.05,3409.4,5,1
MERCH_13545,F,0,1,0.66,3144.27,8,0
MERCH_13546,F,0,5,2.52,4062.03,14,1
MERCH_13547,F,0,6,2.55,3832.21,4,1
MERCH_13548,F,0,3,1.82,2439.08,27,1
MERCH_13549,F,2,2,0.83,10881.39,15,0
MERCH_13550,M,0,3,2.13,6751.44,20,1
MERCH_13551,F,2,2,0.88,14230.34,22,0
MERCH_13552,F,1,1,0.64,13495.04,30,0
MERCH_13553,F,1,1,0.94,5229.24,33,1
MERCH_13554,F,1,2,0.81,5693.77,28,1
MERCH_13555,F,1,0,0.0,15421.59,4,0
MERCH_13556,F,0,6,4.62,829.37,14,1
MERCH_13557,F,1,0,0.0,7831.32,2,0
MERCH_13558,F,1,2,1.42,14156.82,19,0
MERCH_13559,F,1,3,1.63,7970.36,14,0
MERCH_13560,F,1,3,1.57,6630.39,7,0
MERCH_13561,M,0,6,5.35,4044.82,9,1
MERCH_13562,F,1,3,1.54,10209.0,33,1
MERCH_13563,F,1,1,0.61,13400.86,24,0
MERCH_13564,F,0,7,3.45,8784.59,21,1
MERCH_13565,M,0,0,0.0,2005.74,1,1
MERCH_13566,F,1,0,0.0,11327.15,21,0
MERCH_13567,M,2,3,1.74,6097.52,24,1
MERCH_13568,M,0,3,2.26,863.05,4,0
MERCH_13569,M,1,0,0.0,6742.01,6,0
MERCH_13570,F,0,7,4.77,623.58,3,1
MERCH_13571,F,0,3,2.21,1016.53,34,1
MERCH_13572,M,0,1,0.85,3677.24,25,1
MERCH_13573,M,0,1,0.95,3425.67,27,1
MERCH_13574,M,0,1,0.65,5856.45,18,0
MERCH_13575,F,0,2,1.83,5170.65,5,0
MERCH_13576,F,1,1,0.67,3934.5,24,0
MERCH_13577,F,1,0,0.0,12259.15,32,0
MERCH_13578,M,0,4,2.86,3401.59,21,1
MERCH_13579,F,0,6,5.32,1690.82,34,1
MERCH_13580,F,0,6,3.88,2874.87,29,1
MERCH_13581,M,1,3,2.35,3687.91,5,1
MERCH_13582,F,0,10,6.56,5535.18,28,1
MERCH_13583,M,0,2,1.74,3545.01,6,1
MERCH_13584,F,2,3,2.84,17845.4,11,0
MERCH_13585,F,1,2,1.07,7558.46,8,1
MERCH_13586,F,0,3,1.98,1233.14,35,1
MERCH_13587,M,0,6,2.67,403.17,11,1
MERCH_13588,F,0,5,2.39,1434.75,20,1
MERCH_13589,F,1,1,0.91,4222.48,22,1
MERCH_13590,M,1,2,1.4,12243.38,12,0
MERCH_13591,F,0,7,4.32,2974.26,5,1
MERCH_13592,F,1,2,1.54,13881.75,34,0
MERCH_13593,F,0,3,2.12,1621.01,34,1
MERCH_13594,F,0,3,1.68,4961.61,30,1
MERCH_13595,F,0,4,2.1,2170.46,23,1
MERCH_13596,F,0,2,1.45,1317.17,25,1
MERCH_13597,F,0,8,4.03,427.21,6,1
MERCH_13598,F,0,3,1.43,804.74,29,1
MERCH_13599,M,0,2,1.15,1475.03,21,1
MERCH_13600,F,0,2,1.75,2823.98,7,0
MERCH_13601,F,1,0,0.0,3791.37,9,1
MERCH_13602,F,0,5,4.29,9158.39,1,0
MERCH_13603,F,0,2,1.48,3920.07,31,1
MERCH_13604,F,1,0,0.0,2916.87,20,0
MERCH_13605,F,1,2,1.46,5078.57,28,1
MERCH_13606,M,1,4,2.54,5658.79,19,1
MERCH_13607,F,0,4,3.45,3126.16,1,0
MERCH_13608,M,0,2,1.8,448.35,29,1
MERCH_13609,M,1,1,0.56,21624.93,10,0
MERCH_13610,F,1,3,2.49,26266.46,23,1
MERCH_13611,F,0,4,2.28,3420.22,18,1
MERCH_13612,F,2,3,1.69,17481.87,29,0
MERCH_13613,M,0,4,2.02,2916.44,28,1
MERCH_13614,F,2,3,2.32,5777.66,7,1
MERCH_13615,F,2,3,1.63,3060.39,31,0
MERCH_13616,F,1,2,1.31,10035.49,2,0
MERCH_13617,M,2,3,2.54,7573.38,15,0
MERCH_13618,M,1,1,0.84,12543.48,22,1
MERCH_13619,F,0,2,1.74,1148.96,11,1
MERCH_13620,M,0,5,2.44,3822.34,19,1
MERCH_13621,F,0,4,2.89,1608.33,6,1
MERCH_13622,F,0,1,0.9,1124.96,9,1
MERCH_13623,M,1,2,0.85,4509.34,29,1
MERCH_13624,F,0,3,2.51,1313.26,3,0
MERCH_13625,F,0,7,3.75,3183.94,13,1
MERCH_13626,F,1,3,2.3,12328.99,15,1
MERCH_13627,M,2,1,0.79,1927.0,5,1
MERCH_13628,M,0,5,4.55,1419.98,5,1
MERCH_13629,F,0,3,2.04,3778.95,2,0
MERCH_13630,M,0,3,2.6,4258.73,30,1
MERCH_13631,F,1,1,0.42,8938.66,28,0
MERCH_13632,F,0,5,3.16,2329.88,32,1
MERCH_13633,F,1,1,0.64,3566.27,20,0
MERCH_13634,F,0,3,2.09,742.29,20,1
MERCH_13635,F,0,2,1.33,1910.26,29,1
MERCH_13636,M,2,0,0.0,5842.59,35,0
MERCH_13637,F,0,0,0.0,2277.26,32,1
MERCH_13638,F,0,5,2.73,3234.54,17,1
MERCH_13639,F,0,5,4.66,3095.01,8,1
MERCH_13640,F,0,5,3.22,3682.21,21,1
MERCH_13641,M,1,2,1.43,7276.58,23,0
MERCH_13642,F,0,8,3.56,1158.36,27,1
MERCH_13643,F,0,1,0.56,7552.77,6,0
MERCH_13644,M,0,4,1.69,873.81,8,1
MERCH_13645,F,1,3,1.43,3548.63,35,1
MERCH_13646,F,1,3,2.24,9184.61,5,1
MERCH_13647,F,1,2,1.64,4783.53,33,1
MERCH_13648,F,1,0,0.0,17754.9,1,0
MERCH_13649,M,0,3,1.61,2446.16,24,1
MERCH_13650,M,0,6,3.5,3631.55,32,1
MERCH_13651,F,0,7,4.99,2129.17,33,1
MERCH_13652,M,0,5,2.23,565.95,2,1
MERCH_13653,F,0,6,5.06,9998.1,17,1
MERCH_13654,F,1,2,1.33,8821.07,10,0
MERCH_13655,F,1,2,1.86,3469.33,2,1
MERCH_13656,F,2,2,0.93,6958.27,12,1
MERCH_13657,F,0,5,2.37,4190.45,30,0
MERCH_13658,F,1,4,2.37,1305.26,15,1
MERCH_13659,M,1,1,0.51,7372.45,23,0
MERCH_13660,F,1,1,0.78,5692.42,18,1
MERCH_13661,F,0,3,2.76,896.27,31,0
MERCH_13662,F,0,5,2.25,4263.64,29,1
MERCH_13663,F,0,7,3.73,1228.02,14,1
MERCH_13664,F,0,3,1.59,5568.85,23,0
MERCH_13665,F,1,4,2.72,4885.79,25,0
MERCH_13666,M,0,2,1.3,3805.19,28,1
MERCH_13667,F,0,5,4.0,3020.61,35,1
MERCH_13668,F,1,2,1.61,8337.91,30,0
MERCH_13669,F,1,2,1.43,7039.82,27,1
MERCH_13670,F,0,3,2.18,2670.18,8,1
MERCH_13671,F,1,2,1.73,11354.59,19,0
MERCH_13672,M,0,12,7.42,5718.88,1,1
MERCH_13673,F,0,5,2.03,1593.16,20,1
MERCH_13674,F,0,7,3.62,8953.43,30,1
MERCH_13675,F,1,2,0.84,13879.4,29,0
MERCH_13676,F,2,4,2.47,10186.85,8,1
MERCH_13677,F,0,3,1.79,3219.83,14,1
MERCH_13678,M,1,5,2.27,834.94,3,0
MERCH_13679,F,0,2,1.63,8697.61,3,1
MERCH_13680,M,1,3,2.11,11958.71,14,1
MERCH_13681,F,0,5,2.62,1106.37,21,1
MERCH_13682,M,0,7,5.72,609.4,35,1
MERCH_13683,F,1,1,0.77,12164.9,27,0
MERCH_13684,M,1,4,2.02,4994.7,28,0
MERCH_13685,F,0,4,3.76,2281.01,28,1
MERCH_13686,M,0,3,1.49,2207.54,5,1
MERCH_13687,F,0,6,4.95,2274.15,10,1
MERCH_13688,F,0,4,3.73,516.29,9,1
MERCH_13689,F,1,2,1.6,15547.69,20,0
MERCH_13690,M,2,2,1.53,4833.12,29,1
MERCH_13691,F,0,5,4.48,1982.88,29,1
MERCH_13692,M,0,1,0.55,1325.36,28,1
MERCH_13693,F,1,1,0.55,13070.79,11,1
MERCH_13694,F,0,6,4.52,1300.77,21,1
MERCH_13695,F,1,1,0.89,2961.41,35,1
MERCH_13696,M,0,1,0.74,3850.82,23,0
MERCH_13697,M,1,1,0.94,5760.84,29,1
MERCH_13698,M,1,2,1.05,9501.63,15,1
MERCH_13699,F,1,1,0.85,4559.68,17,0
MERCH_13700,F,1,0,0.0,3044.65,24,0
MERCH_13701,M,0,5,3.17,1759.61,35,1
MERCH_13702,F,1,0,0.0,13938.22,20,1
MERCH_13703,M,1,1,0.51,5206.31,11,0
MERCH_13704,M,0,4,3.7,4926.76,30,1
MERCH_13705,M,0,2,1.79,1650.02,20,1
MERCH_13706,M,0,2,0.87,3389.81,22,1
MERCH_13707,F,0,3,2.06,2184.53,24,0
MERCH_13708,F,0,3,2.07,1669.66,14,0
MERCH_13709,M,1,2,0.86,3316.15,13,0
MERCH_13710,F,0,4,1.69,1590.81,1,1
MERCH_13711,M,2,1,0.4,7804.19,27,0
MERCH_13712,M,0,1,0.69,531.74,13,0
MERCH_13713,F,0,2,1.31,1028.15,35,1
MERCH_13714,M,0,4,3.67,3327.63,8,1
MERCH_13715,F,0,4,2.35,763.33,18,1
MERCH_13716,F,0,6,4.57,2413.47,34,1
MERCH_13717,F,0,5,2.02,4000.57,6,0
MERCH_13718,F,0,10,7.65,5734.96,27,1
MERCH_13719,F,1,0,0.0,1214.99,18,0
MERCH_13720,F,1,0,0.0,7512.15,9,0
MERCH_13721,M,0,1,0.57,7300.12,15,0
MERCH_13722,M,1,0,0.0,17846.81,23,0
MERCH_13723,F,1,3,1.74,1799.41,3,0
MERCH_13724,F,0,4,2.49,2884.54,9,0
MERCH_13725,M,2,1,0.55,4207.56,22,1
MERCH_13726,F,1,1,0.59,4317.28,23,0
MERCH_13727,F,0,5,3.87,1548.07,20,1
MERCH_13728,F,0,2,1.81,3937.86,7,0
MERCH_13729,F,0,6,4.32,3107.09,17,1
MERCH_13730,F,0,3,1.22,3099.9,3,1
MERCH_13731,M,1,1,0.55,8964.42,7,1
MERCH_13732,F,0,6,5.54,1152.73,13,1
MERCH_13733,F,1,0,0.0,3081.19,23,1
MERCH_13734,F,1,2,0.93,2540.56,4,0
MERCH_13735,F,1,0,0.0,6654.66,9,0
MERCH_13736,M,1,0,0.0,1183.35,6,1
MERCH_13737,M,0,8,4.63,3045.62,18,1
MERCH_13738,M,0,1,0.79,6461.66,35,0
MERCH_13739,F,1,1,0.71,9615.75,23,0
MERCH_13740,M,0,6,3.51,3489.35,31,0
MERCH_13741,M,0,4,1.94,1336.89,20,1
MERCH_13742,M,2,1,0.6,5088.73,7,1
MERCH_13743,F,1,4,3.64,6474.68,12,1
MERCH_13744,F,0,2,1.69,2081.53,4,1
MERCH_13745,F,1,3,1.75,9172.73,12,1
MERCH_13746,M,1,1,0.7,18097.32,15,0
MERCH_13747,F,0,3,1.87,2118.57,2,1
MERCH_13748,F,0,2,1.31,5153.89,11,1
MERCH_13749,M,2,3,2.46,7117.24,33,1
MERCH_13750,M,0,5,3.49,725.97,14,1
MERCH_13751,M,0,3,1.5,2588.21,27,1
MERCH_13752,F,0,4,2.19,2731.02,4,1
MERCH_13753,M,1,1,0.71,2257.3,20,1
MERCH_13754,F,0,2,1.56,5604.68,2,1
MERCH_13755,F,0,11,7.47,3574.63,4,1
MERCH_13756,F,0,0,0.0,4536.75,24,1
MERCH_13757,F,2,1,0.83,14136.12,9,0
MERCH_13758,F,0,5,3.5,1096.19,19,1
MERCH_13759,M,1,2,1.87,14170.48,8,0
MERCH_13760,F,2,1,0.53,1527.42,28,1
MERCH_13761,M,0,4,3.62,2461.08,13,1
MERCH_13762,F,2,2,1.07,4962.76,8,0
MERCH_13763,F,2,3,2.08,2283.92,14,1
MERCH_13764,F,2,0,0.0,10420.59,10,0
MERCH_13765,F,0,5,3.03,3821.69,20,1
MERCH_13766,F,1,0,0.0,3181.2,1,0
MERCH_13767,F,1,3,1.65,7087.9,12,0
MERCH_13768,F,2,3,2.31,10091.92,35,1
MERCH_13769,F,0,4,3.37,233.73,20,1
MERCH_13770,F,1,2,1.02,11215.11,12,1
MERCH_13771,M,0,6,5.61,917.34,12,0
MERCH_13772,F,0,3,2.1,963.94,29,1
MERCH_13773,M,0,5,4.51,3694.26,3,1
MERCH_13774,M,1,1,0.77,2690.38,7,0
MERCH_13775,M,0,3,2.27,4760.18,23,0
MERCH_13776,M,1,2,1.18,5837.79,13,1
MERCH_13777,F,2,0,0.0,4556.0,11,0
MERCH_13778,M,0,5,2.08,4163.04,25,1
MERCH_13779,M,1,4,2.82,7205.94,20,1
MERCH_13780,F,0,6,2.51,2635.55,27,1
MERCH_13781,F,0,2,1.14,789.71,6,1
MERCH_13782,F,1,2,0.91,24525.21,6,0
MERCH_13783,M,2,2,1.8,20202.71,9,0
MERCH_13784,M,1,1,0.75,7454.51,21,0
MERCH_13785,F,1,1,0.77,5178.91,18,0
MERCH_13786,F,0,4,3.47,3202.68,1,1
MERCH_13787,F,0,4,3.21,548.81,12,0
MERCH_13788,F,1,2,0.94,8863.11,1,1
MERCH_13789,M,0,3,2.22,132.86,28,1
MERCH_13790,F,0,5,4.69,1846.63,24,1
MERCH_13791,F,1,0,0.0,2503.68,19,0
MERCH_13792,F,0,9,6.67,3758.69,14,1
MERCH_13793,M,0,5,3.55,1445.68,14,1
MERCH_13794,F,1,0,0.0,2161.66,26,1
MERCH_13795,M,1,3,2.78,14478.42,16,0
MERCH_13796,F,2,0,0.0,48394.52,24,0
MERCH_13797,F,1,2,0.9,6548.62,32,1
MERCH_13798,F,0,3,2.79,3165.84,6,1
MERCH_13799,F,2,3,2.4,3738.85,30,1
MERCH_13800,F,1,2,1.18,4520.43,23,1
MERCH_13801,M,0,2,1.11,6078.42,19,0
MERCH_13802,M,0,3,2.73,3578.05,25,1
MERCH_13803,M,1,1,0.55,10888.32,25,1
MERCH_13804,F,1,1,0.7,4071.44,2,1
MERCH_13805,M,1,1,0.52,3117.51,10,0
MERCH_13806,F,1,1,0.95,20688.11,27,0
MERCH_13807,F,1,0,0.0,6565.93,8,0
MERCH_13808,F,2,3,2.14,10311.34,33,0
MERCH_13809,F,1,0,0.0,3369.46,19,0
MERCH_13810,M,0,6,5.42,372.88,30,1
MERCH_13811,F,1,0,0.0,5525.46,34,0
MERCH_13812,F,0,2,1.66,6997.68,14,1
MERCH_13813,F,1,3,2.6,9618.9,20,1
MERCH_13814,F,2,2,1.24,9541.28,23,1
MERCH_13815,F,1,0,0.0,5208.71,15,1
MERCH_13816,F,1,1,0.84,6682.3,2,0
MERCH_13817,M,0,5,4.09,2542.11,24,1
MERCH_13818,M,0,2,1.79,2861.75,24,1
MERCH_13819,F,0,2,0.95,751.14,31,1
MERCH_13820,F,1,5,3.9,16149.32,16,0
MERCH_13821,F,1,1,0.76,10924.99,4,0
MERCH_13822,M,1,1,0.84,7915.22,34,0
MERCH_13823,F,0,3,1.24,4267.24,15,1
MERCH_13824,F,0,2,1.71,4935.04,19,0
MERCH_13825,F,1,1,0.58,12804.1,19,0
MERCH_13826,F,0,5,3.89,4434.45,35,1
MERCH_13827,F,1,0,0.0,4528.21,20,0
MERCH_13828,M,1,2,1.28,6885.05,29,0
MERCH_13829,F,1,4,3.24,14309.53,15,0
MERCH_13830,F,0,5,4.64,1957.25,20,1
MERCH_13831,M,2,2,1.16,12246.07,32,0
MERCH_13832,M,0,4,3.25,1407.75,13,1
MERCH_13833,F,2,0,0.0,3759.65,7,1
MERCH_13834,F,0,4,3.46,2894.47,16,0
MERCH_13835,F,0,3,1.92,6018.22,10,1
MERCH_13836,M,2,0,0.0,11013.72,2,0
MERCH_13837,F,0,4,3.3,2706.77,18,1
MERCH_13838,M,1,3,2.02,10928.01,34,1
MERCH_13839,M,1,1,0.55,9354.59,21,0
MERCH_13840,F,2,4,3.79,3807.26,21,1
MERCH_13841,F,2,1,0.74,6060.09,1,0
MERCH_13842,F,0,4,3.02,764.49,15,0
MERCH_13843,F,1,2,1.51,9604.63,10,0
MERCH_13844,F,0,0,0.0,4958.99,35,1
MERCH_13845,M,0,1,0.5,5485.05,25,0
MERCH_13846,M,1,3,1.3,5681.59,32,1
MERCH_13847,F,0,4,2.45,1202.92,31,1
MERCH_13848,M,1,1,0.71,10049.89,10,0
MERCH_13849,F,1,0,0.0,2141.38,3,1
MERCH_13850,F,1,2,1.56,1648.48,22,1
MERCH_13851,F,2,2,0.88,11555.78,2,0
MERCH_13852,F,0,3,2.5,2655.85,23,1
MERCH_13853,M,1,4,3.18,10384.56,24,1
MERCH_13854,M,2,1,0.52,1989.15,32,0
MERCH_13855,F,0,6,3.38,7541.65,33,0
MERCH_13856,F,0,7,5.91,632.24,27,1
MERCH_13857,F,1,1,0.83,17805.1,13,0
MERCH_13858,F,0,3,2.54,6014.61,29,1
MERCH_13859,M,0,1,0.58,4704.97,25,0
MERCH_13860,M,1,4,3.73,10959.34,19,0
MERCH_13861,F,1,2,1.59,9828.83,1,0
MERCH_13862,F,2,4,1.74,2719.84,35,1
MERCH_13863,F,1,4,2.65,3651.28,16,0
MERCH_13864,F,1,0,0.0,5327.78,8,0
MERCH_13865,F,0,2,0.99,2607.44,7,1
MERCH_13866,F,0,4,3.58,1856.06,21,1
MERCH_13867,M,0,5,4.07,2125.8,11,1
MERCH_13868,M,2,1,0.44,2708.46,26,0
MERCH_13869,F,0,1,0.9,6428.16,15,1
MERCH_13870,F,0,6,3.73,2991.94,6,1
MERCH_13871,F,1,5,3.24,22465.3,4,0
MERCH_13872,F,0,5,4.15,694.27,19,1
MERCH_13873,M,0,4,3.02,757.16,21,1
MERCH_13874,F,1,3,1.92,14568.2,18,0
MERCH_13875,F,0,5,2.71,1736.4,15,1
MERCH_13876,F,0,5,3.42,5374.16,2,1
MERCH_13877,M,0,2,1.44,4418.19,31,1
MERCH_13878,F,1,2,1.49,6709.35,6,0
MERCH_13879,F,1,1,0.73,3053.36,19,1
MERCH_13880,F,0,2,1.48,1091.88,15,0
MERCH_13881,M,1,4,2.65,4241.82,33,1
MERCH_13882,M,0,3,2.13,2526.41,26,0
MERCH_13883,F,2,3,1.68,11086.61,30,0
MERCH_13884,M,0,8,3.9,1051.4,11,1
MERCH_13885,M,1,1,0.73,3574.93,1,0
MERCH_13886,M,2,3,1.28,3321.24,14,0
MERCH_13887,F,1,1,0.44,30919.27,10,0
MERCH_13888,F,0,4,2.14,1608.51,17,1
MERCH_13889,F,0,4,2.03,3153.28,11,1
MERCH_13890,M,1,2,1.21,13874.57,15,0
MERCH_13891,F,0,3,1.81,1207.2,12,1
MERCH_13892,M,1,3,1.39,10521.06,3,0
MERCH_13893,F,1,0,0.0,10439.13,22,1
MERCH_13894,M,1,2,0.81,3142.68,26,0
MERCH_13895,M,0,4,2.37,1613.37,23,1
MERCH_13896,F,1,1,0.84,10519.5,16,0
MERCH_13897,M,1,2,1.09,6280.78,3,1
MERCH_13898,F,1,0,0.0,15035.14,30,0
MERCH_13899,M,0,4,1.82,741.89,13,1
MERCH_13900,F,0,9,3.66,5360.95,8,1
MERCH_13901,F,0,5,3.37,2221.78,24,1
MERCH_13902,M,0,7,4.58,1896.89,5,1
MERCH_13903,F,1,2,1.01,11308.47,7,0
MERCH_13904,M,2,2,1.12,5980.47,27,1
MERCH_13905,F,0,3,1.25,2670.18,12,1
MERCH_13906,F,1,2,1.68,13029.4,25,1
MERCH_13907,F,0,4,2.26,3090.02,33,1
MERCH_13908,F,0,8,4.17,4734.16,15,1
MERCH_13909,F,0,6,5.06,1824.4,31,1
MERCH_13910,F,0,6,2.53,3128.0,11,1
MERCH_13911,F,2,3,1.67,20015.84,6,0
MERCH_13912,F,0,2,1.09,564.32,26,1
MERCH_13913,M,1,3,1.63,9772.89,8,0
MERCH_13914,M,0,0,0.0,4137.45,30,1
MERCH_13915,F,2,1,0.91,18699.23,16,0
MERCH_13916,M,0,3,2.63,3195.4,15,0
MERCH_13917,F,0,6,3.77,3519.57,8,1
MERCH_13918,M,0,4,2.58,1449.23,35,1
MERCH_13919,M,0,2,1.38,5564.34,9,1
MERCH_13920,M,0,8,5.3,3824.05,21,1
MERCH_13921,F,2,0,0.0,4196.44,5,0
MERCH_13922,M,1,1,0.67,3767.07,19,1
MERCH_13923,F,1,2,1.01,6059.93,16,0
MERCH_13924,M,1,2,0.93,7624.74,18,0
MERCH_13925,F,0,5,4.53,2325.54,12,0
MERCH_13926,F,0,3,1.28,2411.5,16,1
MERCH_13927,M,2,1,0.89,5948.93,5,0
MERCH_13928,M,1,1,0.78,7212.49,3,0
MERCH_13929,F,2,1,0.62,14517.69,7,0
MERCH_13930,M,1,2,1.01,11346.53,32,1
MERCH_13931,F,0,3,1.71,659.75,31,1
MERCH_13932,F,0,1,0.69,5184.22,14,1
MERCH_13933,F,0,6,4.57,3187.71,24,1
MERCH_13934,F,0,8,6.24,1032.56,33,1
MERCH_13935,F,0,0,0.0,2669.45,5,1
MERCH_13936,F,0,4,2.42,1390.35,8,1
MERCH_13937,F,1,3,2.47,4184.68,2,0
MERCH_13938,F,2,1,0.91,5945.23,35,0
MERCH_13939,F,1,0,0.0,15465.62,34,0
MERCH_13940,M,2,0,0.0,4808.97,30,0
MERCH_13941,M,0,1,0.44,3933.81,23,1
MERCH_13942,F,0,3,1.32,9194.14,4,1
MERCH_13943,F,1,2,1.24,36600.53,35,0
MERCH_13944,F,0,5,4.02,2044.56,14,1
MERCH_13945,F,0,1,0.67,890.73,22,0
MERCH_13946,M,0,3,2.24,3358.87,30,1
MERCH_13947,F,0,4,3.46,3788.41,3,1
MERCH_13948,F,1,3,1.27,14804.0,11,0
MERCH_13949,F,0,4,3.63,3355.99,10,0
MERCH_13950,F,1,2,1.16,2403.85,3,0
MERCH_13951,M,1,1,0.43,820.34,5,0
MERCH_13952,M,0,4,3.44,5459.12,15,1
MERCH_13953,F,0,5,4.57,4498.1,6,1
MERCH_13954,F,0,4,3.29,1076.02,4,1
MERCH_13955,M,0,6,5.05,1025.28,23,1
MERCH_13956,M,1,3,2.64,23478.46,1,0
MERCH_13957,F,1,0,0.0,14911.98,34,1
MERCH_13958,F,1,0,0.0,5997.52,15,0
MERCH_13959,F,0,3,1.67,1247.21,4,0
MERCH_13960,F,1,1,0.54,5847.56,27,0
MERCH_13961,F,1,1,0.73,4820.0,13,1
MERCH_13962,F,0,4,3.22,3808.14,32,0
MERCH_13963,F,1,1,0.62,8852.91,9,0
MERCH_13964,F,0,4,2.48,1455.36,25,1
MERCH_13965,M,1,1,0.92,12124.61,3,0
MERCH_13966,F,1,2,1.37,3946.68,16,1
MERCH_13967,F,0,3,2.83,1498.08,17,1
MERCH_13968,F,1,3,2.62,6433.19,27,0
MERCH_13969,F,0,5,3.76,5029.94,10,1
MERCH_13970,M,0,2,0.81,1356.9,1,1
MERCH_13971,F,2,2,1.13,13268.58,29,1
MERCH_13972,F,2,1,0.63,23354.8,18,0
MERCH_13973,M,0,3,2.28,1678.29,32,1
MERCH_13974,F,0,3,1.85,4685.34,33,1
MERCH_13975,M,0,6,5.13,5403.86,22,1
MERCH_13976,F,0,4,3.06,12919.87,11,1
MERCH_13977,F,1,2,1.18,10415.09,29,0
MERCH_13978,F,2,2,1.66,6646.91,20,1
MERCH_13979,F,1,2,1.13,19970.16,22,0
MERCH_13980,M,0,5,2.17,4098.82,32,1
MERCH_13981,M,1,2,0.99,11603.12,8,1
MERCH_13982,F,0,3,1.2,3541.35,22,1
MERCH_13983,F,2,0,0.0,24133.86,15,0
MERCH_13984,M,2,3,2.23,4833.4,35,1
MERCH_13985,M,1,3,2.14,14211.59,16,0
MERCH_13986,F,0,2,1.53,3555.29,29,0
MERCH_13987,F,0,1,0.76,5694.77,34,1
MERCH_13988,F,0,6,4.27,1527.73,20,1
MERCH_13989,M,1,4,3.45,2640.5,13,1
MERCH_13990,F,0,5,3.21,8029.73,13,1
MERCH_13991,F,0,4,3.37,512.16,31,1
MERCH_13992,M,0,5,4.16,1418.55,21,0
MERCH_13993,F,1,3,1.53,1970.57,30,1
MERCH_13994,F,0,3,1.95,5115.13,25,1
MERCH_13995,F,2,3,2.58,3310.42,30,1
MERCH_13996,F,2,2,1.71,9749.67,10,0
MERCH_13997,F,2,1,0.41,3285.79,7,0
MERCH_13998,F,0,5,2.61,821.56,34,1
MERCH_13999,F,0,0,0.0,7632.65,4,0
MERCH_14000,F,0,3,1.28,4085.52,22,0
MERCH_14001,M,0,3,1.63,1891.11,29,1
MERCH_14002,M,0,8,4.34,2734.12,4,1
MERCH_14003,F,1,3,1.55,2541.89,1,1
MERCH_14004,F,0,3,1.85,9132.23,23,0
MERCH_14005,F,2,1,0.85,4119.4,23,0
MERCH_14006,F,0,3,1.6,4429.18,6,1
MERCH_14007,F,1,2,1.44,2057.18,5,0
MERCH_14008,M,1,0,0.0,8951.59,23,0
MERCH_14009,F,1,2,1.7,10764.46,7,0
MERCH_14010,F,2,1,0.62,7390.98,5,0
MERCH_14011,F,1,2,1.05,13004.29,33,1
MERCH_14012,M,2,2,1.78,5792.57,26,0
MERCH_14013,F,0,4,3.43,1428.77,21,1
MERCH_14014,F,1,1,0.74,7690.79,34,1
MERCH_14015,F,0,5,2.26,895.97,26,1
MERCH_14016,M,0,6,2.45,925.99,10,1
MERCH_14017,M,0,5,2.5,1381.49,2,1
MERCH_14018,F,0,8,4.07,6854.06,20,1
MERCH_14019,F,0,6,2.85,2298.5,14,1
MERCH_14020,F,0,3,1.63,9796.07,7,0
MERCH_14021,F,0,2,1.17,2160.84,10,0
MERCH_14022,M,2,2,1.63,4321.47,31,0
MERCH_14023,M,0,0,0.0,7415.43,8,0
MERCH_14024,M,1,2,0.91,4142.45,1,1
MERCH_14025,M,0,7,6.56,2102.27,29,1
MERCH_14026,F,2,1,0.81,2439.96,31,1
MERCH_14027,F,2,2,0.98,17948.78,8,0
MERCH_14028,M,1,0,0.0,7170.67,16,0
MERCH_14029,F,1,1,0.45,17365.73,19,0
MERCH_14030,M,0,4,3.21,3649.31,26,1
MERCH_14031,F,2,3,1.59,7014.61,10,1
MERCH_14032,F,2,1,0.44,9700.84,18,1
MERCH_14033,M,2,2,1.26,19297.55,2,1
MERCH_14034,F,1,1,0.79,8108.73,29,0
MERCH_14035,M,0,3,1.7,2126.47,2,1
MERCH_14036,M,2,2,1.33,1050.57,3,0
MERCH_14037,M,0,2,1.01,3531.16,24,1
MERCH_14038,M,1,2,1.27,7211.52,9,0
MERCH_14039,F,0,4,2.39,7118.54,14,0
MERCH_14040,M,2,1,0.64,2386.7,11,0
MERCH_14041,F,0,5,3.28,3613.02,24,1
MERCH_14042,F,0,2,0.9,568.56,14,0
MERCH_14043,F,1,2,0.9,5969.04,18,1
MERCH_14044,F,1,3,1.63,20273.71,13,0
MERCH_14045,F,1,3,1.39,20003.36,34,0
MERCH_14046,F,0,4,2.16,3489.54,19,1
MERCH_14047,F,0,1,0.41,3524.92,11,1
MERCH_14048,M,1,5,2.96,14392.01,26,0
MERCH_14049,F,2,1,0.52,7229.33,5,0
MERCH_14050,M,1,2,1.78,6585.21,21,1
MERCH_14051,M,0,2,1.74,817.45,9,1
MERCH_14052,M,2,0,0.0,8225.62,12,0
MERCH_14053,F,0,7,4.63,898.93,1,1
MERCH_14054,M,1,0,0.0,5594.08,14,1
MERCH_14055,F,0,5,3.44,5029.7,26,1
MERCH_14056,M,0,4,3.47,3322.5,7,0
MERCH_14057,F,1,3,2.56,3927.33,16,1
MERCH_14058,M,1,2,1.84,5336.99,15,0
MERCH_14059,M,0,7,3.98,2854.15,4,1
MERCH_14060,F,0,5,2.12,3902.86,30,1
MERCH_14061,F,0,4,1.83,1167.26,23,1
MERCH_14062,M,1,2,1.43,18368.06,22,1
MERCH_14063,F,0,5,3.46,2602.4,15,1
MERCH_14064,M,0,5,2.82,1144.42,17,0
MERCH_14065,F,1,3,1.61,4241.79,2,1
MERCH_14066,F,1,3,2.37,17796.47,8,1
MERCH_14067,M,1,2,1.17,11960.87,6,0
MERCH_14068,M,1,0,0.0,15507.48,28,0
MERCH_14069,M,2,0,0.0,10189.85,5,0
MERCH_14070,F,2,4,2.55,3587.4,21,0
MERCH_14071,M,1,4,2.03,18136.21,20,0
MERCH_14072,F,1,3,2.62,3173.27,34,1
MERCH_14073,F,0,4,1.81,2781.82,7,0
MERCH_14074,M,2,2,1.71,2353.25,30,0
MERCH_14075,F,0,4,3.44,1843.4,30,1
MERCH_14076,F,0,6,4.28,1961.53,15,1
MERCH_14077,F,0,2,1.49,1008.47,27,1
MERCH_14078,M,0,5,2.98,1362.81,9,1
MERCH_14079,F,2,2,1.73,9324.67,27,1
MERCH_14080,M,1,1,0.55,5065.61,2,0
MERCH_14081,F,1,2,1.42,44677.96,27,0
MERCH_14082,F,1,3,1.2,12448.62,25,0
MERCH_14083,M,0,2,1.83,4399.79,7,1
MERCH_14084,F,0,2,1.84,5237.86,13,0
MERCH_14085,F,1,4,3.16,10574.96,20,1
MERCH_14086,F,1,0,0.0,4371.64,22,0
MERCH_14087,F,0,2,1.0,4365.23,18,1
MERCH_14088,M,1,1,0.67,6195.81,11,1
MERCH_14089,F,0,8,6.68,858.91,6,1
MERCH_14090,M,0,3,2.2,3753.17,4,0
MERCH_14091,F,0,3,2.07,3454.96,3,1
MERCH_14092,F,0,6,5.2,4427.98,6,1
MERCH_14093,M,1,0,0.0,7196.64,15,0
MERCH_14094,F,1,0,0.0,14469.6,3,0
MERCH_14095,F,0,3,1.93,1083.87,17,1
MERCH_14096,F,1,1,0.4,1705.45,30,0
MERCH_14097,F,1,2,1.61,8346.23,22,0
MERCH_14098,F,0,3,2.65,1701.44,2,0
MERCH_14099,F,0,3,2.0,1277.08,16,0
MERCH_14100,F,2,3,1.95,6450.35,22,0
MERCH_14101,F,1,1,0.84,11837.43,11,0
MERCH_14102,F,2,1,0.89,365.72,12,0
MERCH_14103,F,0,6,5.62,1904.89,35,1
MERCH_14104,F,1,1,0.59,21852.4,15,0
MERCH_14105,M,0,2,1.45,754.54,21,1
MERCH_14106,M,0,3,2.56,1605.12,4,0
MERCH_14107,F,1,2,1.39,17515.27,7,0
MERCH_14108,M,0,7,4.58,2277.75,29,1
MERCH_14109,F,0,7,5.0,3047.75,6,1
MERCH_14110,F,0,3,1.79,1940.26,17,1
MERCH_14111,F,0,3,1.52,6174.4,2,1
MERCH_14112,F,1,4,1.75,4546.13,17,1
MERCH_14113,F,0,6,4.41,2713.31,29,1
MERCH_14114,F,0,6,3.65,4504.56,27,1
MERCH_14115,F,0,5,4.43,1311.26,7,0
MERCH_14116,M,0,3,1.57,695.81,11,0
MERCH_14117,F,1,2,1.14,832.86,26,1
MERCH_14118,F,0,2,1.87,3937.12,32,1
MERCH_14119,M,1,2,1.41,2951.95,23,0
MERCH_14120,F,0,1,0.59,3467.43,7,0
MERCH_14121,F,0,6,5.24,3336.88,1,1
MERCH_14122,M,2,1,0.81,2754.15,25,1
MERCH_14123,M,1,2,1.43,8673.18,31,0
MERCH_14124,M,0,5,4.45,9029.69,6,0
MERCH_14125,M,1,1,0.45,12249.13,28,1
MERCH_14126,M,0,2,1.23,13699.7,31,1
MERCH_14127,M,1,3,2.54,5059.81,16,0
MERCH_14128,F,1,5,3.06,9023.75,15,1
MERCH_14129,F,1,3,2.73,3725.98,22,1
MERCH_14130,F,2,2,0.97,21941.48,18,0
MERCH_14131,F,0,4,2.34,2048.32,8,1
MERCH_14132,M,1,3,1.9,2699.49,10,1
MERCH_14133,F,0,6,4.67,2982.44,6,1
MERCH_14134,F,0,3,1.52,1602.75,10,1
MERCH_14135,F,0,7,2.84,3407.11,7,1
MERCH_14136,M,0,2,1.87,2337.15,35,1
MERCH_14137,F,1,2,1.79,12412.75,28,0
MERCH_14138,M,1,1,0.57,1010.75,25,0
MERCH_14139,F,1,1,0.67,7780.11,28,1
MERCH_14140,F,0,8,5.35,1217.6,9,1
MERCH_14141,F,0,2,1.76,5292.47,5,0
MERCH_14142,F,2,2,1.46,20602.05,16,0
MERCH_14143,M,0,5,4.27,1534.09,29,0
MERCH_14144,M,1,0,0.0,10366.98,23,0
MERCH_14145,F,1,2,1.42,3395.28,18,1
MERCH_14146,F,1,2,1.11,9669.84,26,1
MERCH_14147,F,1,1,0.67,3554.53,5,0
MERCH_14148,M,2,4,3.47,10050.89,8,0
MERCH_14149,M,0,3,2.16,3713.24,19,1
MERCH_14150,F,2,0,0.0,23287.45,28,0
MERCH_14151,F,0,5,4.46,693.41,4,1
MERCH_14152,M,0,6,3.63,3552.48,20,1
MERCH_14153,F,0,2,1.29,435.3,22,1
MERCH_14154,F,1,0,0.0,7091.99,12,0
MERCH_14155,F,0,4,1.84,2280.36,1,0
MERCH_14156,F,0,1,0.66,2255.97,8,0
MERCH_14157,M,0,0,0.0,628.94,27,1
MERCH_14158,M,2,4,3.47,7359.23,21,0
MERCH_14159,F,1,1,0.92,7206.76,33,1
MERCH_14160,F,1,1,0.48,825.13,33,1
MERCH_14161,F,1,0,0.0,1183.81,5,0
MERCH_14162,F,0,4,3.0,2869.13,15,1
MERCH_14163,F,0,3,2.45,5018.05,30,1
MERCH_14164,F,2,1,0.78,8284.98,3,1
MERCH_14165,F,0,4,2.08,3026.17,28,0
MERCH_14166,F,0,5,2.8,1375.13,30,1
MERCH_14167,F,0,3,1.47,2244.0,3,1
MERCH_14168,F,0,5,4.53,666.05,31,1
MERCH_14169,F,0,5,3.44,3603.58,14,0
MERCH_14170,F,1,2,1.87,3343.39,6,0
MERCH_14171,M,0,4,2.59,726.82,19,1
MERCH_14172,F,1,4,2.82,7367.26,5,0
MERCH_14173,F,0,3,2.5,5299.3,26,1
MERCH_14174,M,0,1,0.84,2769.9,18,0
MERCH_14175,M,0,5,2.64,5285.2,31,1
MERCH_14176,F,1,0,0.0,5030.32,18,0
MERCH_14177,M,0,4,1.82,2994.49,9,1
MERCH_14178,F,1,1,0.84,6098.46,26,1
MERCH_14179,F,1,2,1.67,11765.63,2,0
MERCH_14180,F,1,4,1.78,9939.31,32,1
MERCH_14181,M,0,0,0.0,1262.15,6,0
MERCH_14182,M,0,3,1.94,8017.6,20,1
MERCH_14183,F,0,6,4.19,770.18,8,1
MERCH_14184,F,1,2,1.37,8069.13,4,0
MERCH_14185,F,0,6,5.64,1127.2,25,1
MERCH_14186,F,1,0,0.0,7199.52,31,1
MERCH_14187,F,2,2,0.92,3167.4,19,1
MERCH_14188,M,0,9,5.05,2384.64,7,1
MERCH_14189,M,0,3,1.77,2899.1,30,0
MERCH_14190,M,1,0,0.0,11654.8,27,0
MERCH_14191,M,0,1,0.83,457.04,17,1
MERCH_14192,F,0,4,2.39,1625.87,32,0
MERCH_14193,M,2,0,0.0,12916.81,19,0
MERCH_14194,F,0,5,3.47,3188.23,25,1
MERCH_14195,F,2,1,0.55,32289.44,29,0
MERCH_14196,F,1,7,4.04,4750.51,25,1
MERCH_14197,F,1,3,2.49,24467.53,32,0
MERCH_14198,F,0,7,6.14,4174.03,11,0
MERCH_14199,F,0,4,1.68,5881.26,4,0
MERCH_14200,M,1,1,0.73,3698.13,31,1
MERCH_14201,F,0,6,4.49,3226.07,4,1
MERCH_14202,F,0,2,1.61,2848.94,2,0
MERCH_14203,M,0,6,4.69,1703.51,33,1
MERCH_14204,F,0,2,1.77,5256.27,27,0
MERCH_14205,F,0,2,0.89,2326.09,26,1
MERCH_14206,F,1,0,0.0,12293.82,19,0
MERCH_14207,F,0,3,2.49,713.02,33,1
MERCH_14208,F,0,4,3.46,2914.85,10,0
MERCH_14209,F,1,2,1.09,13433.0,1,1
MERCH_14210,F,2,2,1.44,4399.58,35,0
MERCH_14211,F,0,6,3.0,2217.03,11,1
MERCH_14212,F,0,3,2.6,2382.32,14,0
MERCH_14213,F,1,1,0.8,7140.48,6,0
MERCH_14214,F,2,0,0.0,3042.26,25,0
MERCH_14215,M,1,4,2.97,13644.07,23,1
MERCH_14216,F,1,0,0.0,5628.03,5,1
MERCH_14217,F,0,3,1.63,3813.02,26,1
MERCH_14218,M,1,0,0.0,8053.6,18,0
MERCH_14219,F,0,2,0.96,1136.67,32,1
MERCH_14220,F,1,1,0.66,9425.44,21,0
MERCH_14221,F,1,2,1.44,4281.86,26,1
MERCH_14222,M,2,1,0.85,5493.83,35,1
MERCH_14223,M,0,5,2.41,496.01,10,1
MERCH_14224,F,0,4,2.94,4476.68,28,1
MERCH_14225,M,1,2,0.81,2029.47,31,0
MERCH_14226,F,1,3,2.56,13611.43,15,0
MERCH_14227,F,1,3,1.59,6892.2,8,1
MERCH_14228,F,0,3,2.39,2728.63,10,1
MERCH_14229,F,0,4,2.92,1664.11,10,1
MERCH_14230,M,1,1,0.43,2134.33,18,1
MERCH_14231,F,0,1,0.5,5551.69,28,1
MERCH_14232,F,2,2,1.09,3707.64,28,1
MERCH_14233,M,0,3,2.66,6580.75,20,1
MERCH_14234,F,1,1,0.66,23399.55,24,0
MERCH_14235,F,1,2,1.8,11028.01,6,0
MERCH_14236,F,1,2,0.85,6394.44,32,1
MERCH_14237,M,0,2,0.81,765.17,6,0
MERCH_14238,M,1,1,0.92,12389.94,11,0
MERCH_14239,F,0,4,3.19,5606.17,30,1
MERCH_14240,M,1,3,2.49,7523.46,3,1
MERCH_14241,F,0,2,1.81,2454.66,8,0
MERCH_14242,M,0,3,2.82,3398.44,33,1
MERCH_14243,F,0,4,1.81,1371.55,19,1
MERCH_14244,F,0,6,2.92,489.82,10,1
MERCH_14245,M,2,1,0.5,9052.94,19,0
MERCH_14246,F,0,2,1.7,599.88,9,0
MERCH_14247,F,1,3,1.79,6653.45,7,1
MERCH_14248,F,2,3,2.18,4401.74,14,1
MERCH_14249,M,0,6,5.22,1814.44,2,1
MERCH_14250,F,1,2,1.55,5839.22,22,0
MERCH_14251,F,0,5,2.18,3492.45,20,1
MERCH_14252,F,0,1,0.65,1589.69,26,1
MERCH_14253,F,0,1,0.44,2623.35,4,0
MERCH_14254,F,2,4,2.65,2803.94,23,1
MERCH_14255,M,0,5,2.6,1171.76,16,1
MERCH_14256,M,1,2,0.8,10970.61,25,1
MERCH_14257,F,1,1,0.85,4793.7,9,0
MERCH_14258,F,2,1,0.93,3006.33,11,0
MERCH_14259,F,0,1,0.93,2626.21,25,1
MERCH_14260,F,1,1,0.56,6798.41,31,1
MERCH_14261,M,1,3,2.57,18247.5,27,0
MERCH_14262,F,1,0,0.0,9863.73,14,0
MERCH_14263,F,2,1,0.84,3072.36,23,0
MERCH_14264,M,1,1,0.87,1597.41,16,0
MERCH_14265,F,0,7,6.57,2277.33,20,1
MERCH_14266,F,0,5,2.42,4410.55,3,1
MERCH_14267,F,0,3,2.47,2253.71,6,1
MERCH_14268,M,0,2,1.61,2330.07,29,1
MERCH_14269,M,0,5,2.79,734.45,4,0
MERCH_14270,F,0,5,3.08,1426.43,1,0
MERCH_14271,M,0,3,1.49,382.84,8,1
MERCH_14272,F,2,1,0.9,10090.29,20,1
MERCH_14273,F,0,1,0.88,2905.27,16,0
MERCH_14274,F,2,3,2.21,7381.92,31,1
MERCH_14275,F,0,3,2.04,1158.11,32,1
MERCH_14276,F,1,1,0.53,2702.11,34,1
MERCH_14277,F,1,0,0.0,8699.13,29,0
MERCH_14278,F,0,4,1.62,2829.59,12,1
MERCH_14279,F,0,4,2.62,3938.07,4,0
MERCH_14280,F,0,5,4.37,2817.41,34,1
MERCH_14281,M,0,3,2.22,3709.87,6,1
MERCH_14282,F,2,2,1.5,8576.76,9,0
MERCH_14283,F,1,2,0.88,14974.18,5,0
MERCH_14284,F,0,5,2.79,1719.45,16,1
MERCH_14285,F,0,2,1.54,2833.26,1,0
MERCH_14286,M,0,4,1.71,3551.6,20,0
MERCH_14287,F,0,2,1.16,2399.55,35,1
MERCH_14288,F,1,2,1.19,754.18,10,1
MERCH_14289,M,0,5,3.37,3408.79,25,1
MERCH_14290,F,1,2,1.2,4206.06,28,1
MERCH_14291,F,0,4,2.6,1067.2,35,1
MERCH_14292,F,0,5,3.5,790.46,33,1
MERCH_14293,M,1,1,0.47,12065.98,15,0
MERCH_14294,F,0,3,1.5,2514.1,21,1
MERCH_14295,F,2,3,2.57,2589.11,35,1
MERCH_14296,F,2,5,3.26,2943.71,10,1
MERCH_14297,F,0,9,5.36,2307.93,16,1
MERCH_14298,F,0,9,5.75,867.02,20,1
MERCH_14299,F,1,2,0.99,7594.98,8,1
MERCH_14300,F,2,3,1.6,13610.79,31,1
MERCH_14301,M,1,1,0.68,15392.09,8,0
MERCH_14302,M,0,4,2.39,4036.94,13,1
MERCH_14303,F,2,1,0.66,19094.02,24,1
MERCH_14304,M,0,4,1.93,2649.05,12,1
MERCH_14305,F,1,6,2.92,25513.9,17,0
MERCH_14306,F,2,2,1.22,22268.53,12,0
MERCH_14307,F,0,4,2.43,2760.9,13,1
MERCH_14308,M,2,0,0.0,5091.43,35,0
MERCH_14309,M,0,4,1.67,1829.96,5,0
MERCH_14310,F,2,4,3.78,1303.83,13,1
MERCH_14311,M,0,4,3.7,1712.08,8,1
MERCH_14312,F,2,0,0.0,1902.33,11,1
MERCH_14313,M,0,5,3.98,4341.29,8,1
MERCH_14314,M,1,4,3.66,1593.03,31,0
MERCH_14315,F,1,0,0.0,10017.28,12,0
MERCH_14316,M,0,3,1.72,1676.44,11,0
MERCH_14317,F,0,2,0.92,4290.09,17,1
MERCH_14318,F,1,4,2.84,5580.63,27,1
MERCH_14319,F,0,6,2.93,3459.5,13,1
MERCH_14320,F,1,1,0.91,9894.47,13,0
MERCH_14321,M,0,4,2.55,1632.86,22,1
MERCH_14322,M,2,2,1.81,8544.98,24,0
MERCH_14323,F,0,8,4.1,3556.5,30,1
MERCH_14324,M,0,3,2.35,4304.66,13,1
MERCH_14325,M,0,5,3.78,319.77,8,1
MERCH_14326,F,0,2,1.24,618.58,5,1
MERCH_14327,M,0,5,4.47,3743.49,6,1
MERCH_14328,F,0,4,2.56,1601.32,7,1
MERCH_14329,M,2,1,0.51,7466.9,22,0
MERCH_14330,F,1,3,2.81,1148.67,30,1
MERCH_14331,F,1,1,0.64,25633.63,15,0
MERCH_14332,F,0,7,3.6,988.05,20,1
MERCH_14333,F,1,1,0.6,8765.16,31,1
MERCH_14334,F,0,4,2.95,1191.06,5,1
MERCH_14335,F,1,3,2.04,15669.51,12,1
MERCH_14336,F,0,9,6.74,4334.73,30,1
MERCH_14337,M,0,6,4.58,4714.34,3,1
MERCH_14338,F,0,7,3.28,3354.22,13,1
MERCH_14339,F,2,0,0.0,12014.13,11,0
MERCH_14340,F,0,5,4.06,1545.49,10,1
MERCH_14341,F,1,2,1.52,16687.5,30,1
MERCH_14342,M,0,2,0.9,2117.75,9,1
MERCH_14343,M,1,3,1.72,3089.68,30,1
MERCH_14344,F,2,0,0.0,6346.66,29,1
MERCH_14345,F,0,4,3.5,1796.46,34,1
MERCH_14346,M,0,4,3.08,2264.66,26,1
MERCH_14347,F,2,4,1.76,3032.87,2,1
MERCH_14348,M,1,3,2.2,12505.81,7,1
MERCH_14349,F,0,3,1.22,1238.2,14,1
MERCH_14350,M,1,5,3.82,8523.1,27,1
MERCH_14351,F,1,1,0.8,9817.11,26,0
MERCH_14352,F,0,9,6.06,3173.64,20,1
MERCH_14353,M,1,0,0.0,10065.31,35,0
MERCH_14354,F,0,2,1.53,993.03,11,1
MERCH_14355,F,0,6,5.11,3726.76,26,1
MERCH_14356,F,1,1,0.72,2428.91,35,1
MERCH_14357,F,0,2,1.58,554.36,5,0
MERCH_14358,F,0,9,4.05,2405.03,16,1
MERCH_14359,F,1,2,1.59,5014.86,11,1
MERCH_14360,F,2,3,2.21,10680.24,33,1
MERCH_14361,F,2,1,0.58,16527.24,9,1
MERCH_14362,M,2,2,1.55,11169.76,22,0
MERCH_14363,F,2,2,1.51,3207.53,5,1
MERCH_14364,F,0,5,3.65,1192.66,20,1
MERCH_14365,M,0,5,2.5,1133.93,34,0
MERCH_14366,F,1,1,0.56,11512.71,30,1
MERCH_14367,F,0,4,3.78,2208.36,10,0
MERCH_14368,F,1,2,1.28,9032.79,32,1
MERCH_14369,F,1,1,0.43,2555.57,24,1
MERCH_14370,F,0,3,2.68,2997.7,17,1
MERCH_14371,F,2,3,1.49,5049.95,3,1
MERCH_14372,F,1,1,0.62,20151.21,26,1
MERCH_14373,F,0,2,1.11,840.71,12,1
MERCH_14374,F,2,0,0.0,2048.66,12,0
MERCH_14375,F,0,3,1.82,1966.98,33,1
MERCH_14376,F,0,2,1.58,1852.85,27,1
MERCH_14377,M,1,1,0.73,16026.14,14,0
MERCH_14378,F,1,2,0.85,4660.2,7,1
MERCH_14379,F,1,0,0.0,24841.87,27,0
MERCH_14380,F,1,1,0.61,6442.71,10,0
MERCH_14381,F,1,2,1.89,3412.8,9,0
MERCH_14382,F,0,3,2.54,1651.82,34,1
MERCH_14383,F,2,0,0.0,10804.03,29,1
MERCH_14384,M,2,2,1.14,9729.08,18,0
MERCH_14385,F,0,4,2.32,6273.1,29,1
MERCH_14386,M,0,5,3.42,626.63,30,1
MERCH_14387,F,2,1,0.75,5037.44,13,1
MERCH_14388,F,2,3,2.4,32922.34,22,0
MERCH_14389,F,2,2,1.7,3898.55,16,0
MERCH_14390,F,2,2,1.76,14618.84,32,1
MERCH_14391,F,1,4,1.65,613.04,26,0
MERCH_14392,F,1,2,1.68,3817.77,31,1
MERCH_14393,F,1,1,0.74,9628.7,19,0
MERCH_14394,M,0,3,2.08,3278.48,34,1
MERCH_14395,M,1,3,2.24,8700.51,6,1
MERCH_14396,F,1,1,0.89,9438.82,35,1
MERCH_14397,F,1,1,0.7,14413.23,11,0
MERCH_14398,F,1,2,0.98,6640.2,22,1
MERCH_14399,F,0,5,3.2,6121.09,13,1
MERCH_14400,F,0,5,4.54,2423.98,16,1
MERCH_14401,F,0,6,5.09,2230.55,26,1
MERCH_14402,F,0,4,2.05,432.94,22,1
MERCH_14403,F,0,3,2.38,5371.46,13,0
MERCH_14404,M,2,1,0.54,1733.86,23,0
MERCH_14405,M,0,3,1.78,4459.02,32,1
MERCH_14406,M,0,3,1.97,3666.31,23,1
MERCH_14407,F,1,0,0.0,17959.32,32,0
MERCH_14408,F,1,0,0.0,1226.45,28,1
MERCH_14409,F,0,3,2.48,6953.54,33,1
MERCH_14410,F,1,1,0.87,4931.97,26,1
MERCH_14411,F,1,1,0.69,4078.91,30,0
MERCH_14412,M,0,5,2.48,864.51,17,1
MERCH_14413,F,0,4,2.15,2009.05,29,1
MERCH_14414,F,2,2,0.94,8481.37,2,0
MERCH_14415,F,1,2,0.99,10028.54,34,1
MERCH_14416,F,1,1,0.88,4506.61,12,1
MERCH_14417,F,0,3,1.99,1315.24,21,1
MERCH_14418,F,0,3,1.38,7317.89,27,1
MERCH_14419,F,1,1,0.54,8672.91,3,0
MERCH_14420,F,0,7,6.46,3406.13,26,1
MERCH_14421,M,0,8,5.44,4440.7,5,1
MERCH_14422,F,1,0,0.0,9420.12,20,0
MERCH_14423,M,0,7,4.82,1439.52,8,1
MERCH_14424,F,1,2,0.92,2567.6,28,0
MERCH_14425,F,1,1,0.93,11411.19,29,0
MERCH_14426,F,0,6,2.68,3510.52,2,1
MERCH_14427,F,1,0,0.0,9801.17,2,0
MERCH_14428,F,0,2,0.86,2455.75,23,1
MERCH_14429,M,1,2,1.29,7088.11,10,1
MERCH_14430,M,0,7,6.26,934.1,28,1
MERCH_14431,F,0,4,3.29,349.77,19,1
MERCH_14432,F,1,3,1.75,13930.39,28,1
MERCH_14433,M,0,3,2.11,6570.46,31,1
MERCH_14434,F,2,0,0.0,10795.52,2,0
MERCH_14435,F,0,4,3.7,772.19,29,1
MERCH_14436,F,0,5,3.95,2409.7,14,1
MERCH_14437,M,1,1,0.61,3559.14,28,0
MERCH_14438,M,0,6,3.45,1853.39,1,0
MERCH_14439,F,0,5,2.66,944.25,16,1
MERCH_14440,M,1,4,3.33,7902.09,21,0
MERCH_14441,M,1,3,1.92,12876.04,14,1
MERCH_14442,F,2,0,0.0,9680.53,17,0
MERCH_14443,F,2,0,0.0,5061.12,15,0
MERCH_14444,F,0,2,0.97,2811.82,31,0
MERCH_14445,M,1,2,1.09,1536.14,14,1
MERCH_14446,F,0,1,0.59,4167.13,27,1
MERCH_14447,M,1,1,0.54,11017.24,3,1
MERCH_14448,F,0,3,2.17,3175.0,6,0
MERCH_14449,M,2,0,0.0,16349.99,27,0
MERCH_14450,F,1,1,0.43,9257.52,22,0
MERCH_14451,F,2,2,0.96,5429.5,22,0
MERCH_14452,M,1,4,2.04,5218.6,32,0
MERCH_14453,M,2,1,0.44,5625.85,27,1
MERCH_14454,M,1,0,0.0,9538.6,7,0
MERCH_14455,F,0,10,5.32,1115.89,12,1
MERCH_14456,M,0,4,2.36,1311.25,16,1
MERCH_14457,F,0,3,2.51,860.75,5,1
MERCH_14458,F,0,5,2.6,1082.76,35,1
MERCH_14459,F,1,1,0.77,6522.43,9,0
MERCH_14460,F,1,0,0.0,21580.6,29,0
MERCH_14461,F,1,2,1.52,2470.69,27,1
MERCH_14462,M,2,5,4.19,15632.09,32,1
MERCH_14463,F,2,3,2.2,4174.25,10,1
MERCH_14464,M,0,4,2.04,4851.77,25,1
MERCH_14465,F,0,3,1.75,1855.24,25,1
MERCH_14466,F,0,3,2.53,2991.17,4,1
MERCH_14467,F,0,4,2.55,3063.5,23,1
MERCH_14468,M,1,4,2.16,6188.03,10,1
MERCH_14469,M,1,6,5.48,6039.25,6,1
MERCH_14470,M,1,1,0.75,19161.44,13,1
MERCH_14471,M,2,2,1.69,7747.65,31,1
MERCH_14472,F,1,2,0.83,5560.92,5,0
MERCH_14473,F,0,3,1.76,9108.68,4,1
MERCH_14474,M,1,0,0.0,28854.08,3,0
MERCH_14475,F,0,2,1.45,12414.62,30,1
MERCH_14476,F,0,4,2.02,647.73,23,1
MERCH_14477,F,0,4,2.7,211.7,18,1
MERCH_14478,F,0,5,3.89,2976.89,35,1
MERCH_14479,F,0,2,1.18,6649.34,5,1
MERCH_14480,F,0,7,5.46,2408.18,28,1
MERCH_14481,F,1,1,0.61,17819.28,18,0
MERCH_14482,F,1,2,1.32,18716.92,8,0
MERCH_14483,F,0,8,3.79,1376.26,12,1
MERCH_14484,F,0,4,3.03,2096.88,30,1
MERCH_14485,M,1,1,0.52,1272.07,22,0
MERCH_14486,F,0,4,3.42,881.08,6,1
MERCH_14487,F,2,3,2.11,3332.66,30,1
MERCH_14488,M,1,2,1.42,1919.8,8,1
MERCH_14489,F,0,2,1.8,2911.89,29,1
MERCH_14490,F,0,5,2.46,617.76,31,0
MERCH_14491,M,0,7,4.84,5081.47,5,1
MERCH_14492,F,0,5,3.05,6651.04,11,0
MERCH_14493,M,0,5,4.66,5987.33,17,1
MERCH_14494,M,1,1,0.84,11596.91,13,0
MERCH_14495,F,0,3,2.45,64.4,20,1
MERCH_14496,F,1,1,0.51,13700.36,31,1
MERCH_14497,F,1,1,0.53,14693.46,26,1
MERCH_14498,F,0,4,1.66,1069.37,28,1
MERCH_14499,F,0,5,3.76,4087.83,25,1
MERCH_14500,F,0,3,1.81,3220.83,18,1
MERCH_14501,F,0,3,1.71,1836.38,32,1
MERCH_14502,F,1,2,1.5,9655.48,29,0
MERCH_14503,F,0,6,5.13,5909.63,3,1
MERCH_14504,F,1,2,0.95,4223.74,35,1
MERCH_14505,F,0,6,5.43,1387.95,15,1
MERCH_14506,M,0,4,1.68,3174.9,3,0
MERCH_14507,F,1,0,0.0,5462.42,21,1
MERCH_14508,F,1,1,0.86,2674.85,3,1
MERCH_14509,M,0,8,5.37,4967.96,35,1
MERCH_14510,F,0,4,3.67,3289.22,8,1
MERCH_14511,F,1,0,0.0,881.49,3,0
MERCH_14512,F,0,5,4.55,4305.64,11,1
MERCH_14513,F,0,10,5.32,4001.76,2,0
MERCH_14514,F,1,4,2.96,8891.2,33,1
MERCH_14515,F,0,2,1.89,2017.96,8,1
MERCH_14516,F,1,1,0.61,5650.16,12,1
MERCH_14517,M,1,2,0.8,11641.34,19,1
MERCH_14518,F,1,1,0.44,2103.21,18,1
MERCH_14519,F,1,1,0.87,10223.71,21,0
MERCH_14520,M,1,0,0.0,11906.39,22,0
MERCH_14521,F,1,5,3.48,14512.28,30,0
MERCH_14522,M,2,0,0.0,4068.99,18,1
MERCH_14523,F,0,6,5.08,1609.15,6,1
MERCH_14524,M,0,3,1.99,3799.94,1,1
MERCH_14525,F,1,3,2.62,3988.58,9,1
MERCH_14526,M,1,0,0.0,2136.08,16,0
MERCH_14527,M,0,3,2.31,2153.93,29,1
MERCH_14528,F,2,1,0.42,23549.96,29,1
MERCH_14529,F,0,4,1.9,2626.57,5,1
MERCH_14530,F,1,2,1.74,1141.42,19,0
MERCH_14531,F,1,2,1.14,8716.24,22,1
MERCH_14532,F,2,3,1.75,6101.84,8,1
MERCH_14533,F,0,2,1.53,959.27,18,1
MERCH_14534,F,1,3,2.18,4869.65,14,1
MERCH_14535,F,0,4,1.78,6641.0,4,1
MERCH_14536,F,0,5,4.11,1034.43,27,1
MERCH_14537,F,0,3,2.22,7187.39,24,1
MERCH_14538,F,1,4,3.48,7465.65,30,1
MERCH_14539,F,0,1,0.69,1855.42,12,1
MERCH_14540,F,0,3,1.88,1958.39,13,1
MERCH_14541,F,1,2,1.21,6182.06,4,0
MERCH_14542,F,1,2,0.8,20929.77,26,0
MERCH_14543,F,1,3,1.27,798.75,1,0
MERCH_14544,F,2,2,0.94,5539.59,27,0
MERCH_14545,M,0,2,1.82,2040.15,23,1
MERCH_14546,F,2,2,1.77,11801.83,11,1
MERCH_14547,F,2,1,0.67,7180.44,21,0
MERCH_14548,M,0,4,2.0,2566.91,22,1
MERCH_14549,M,0,0,0.0,7437.54,28,1
MERCH_14550,M,0,3,1.62,2616.59,6,0
MERCH_14551,F,0,4,3.6,1748.78,25,1
MERCH_14552,F,1,1,0.69,7660.32,4,0
MERCH_14553,M,1,1,0.84,8068.16,34,0
MERCH_14554,F,1,2,1.36,2107.75,26,0
MERCH_14555,F,1,1,0.74,15850.16,27,0
MERCH_14556,M,0,7,5.15,3358.84,21,1
MERCH_14557,M,2,2,0.83,3327.94,21,1
MERCH_14558,M,0,5,3.22,3266.04,29,1
MERCH_14559,M,2,3,2.63,1707.04,34,0
MERCH_14560,M,0,3,2.01,3580.72,27,0
MERCH_14561,F,2,2,1.28,12371.94,26,1
MERCH_14562,M,0,3,2.07,8768.37,5,1
MERCH_14563,F,0,4,2.44,1107.24,20,1
MERCH_14564,F,0,2,1.37,2602.03,8,0
MERCH_14565,M,1,6,2.85,6798.35,18,1
MERCH_14566,F,2,4,3.73,4475.88,5,0
MERCH_14567,F,0,2,0.84,1157.24,4,0
MERCH_14568,F,2,4,2.66,6560.08,5,0
MERCH_14569,M,1,1,0.52,8149.66,16,1
MERCH_14570,F,1,3,1.3,4925.82,9,1
MERCH_14571,M,1,0,0.0,9716.73,25,0
MERCH_14572,F,0,6,5.65,2438.71,8,0
MERCH_14573,M,0,6,4.87,1062.57,1,1
MERCH_14574,M,2,1,0.54,13376.86,31,1
MERCH_14575,F,2,0,0.0,12663.43,33,0
MERCH_14576,F,2,2,0.85,6561.39,5,0
MERCH_14577,F,2,2,1.38,558.77,18,1
MERCH_14578,M,0,5,2.27,562.2,20,1
MERCH_14579,F,1,3,2.51,16309.8,24,0
MERCH_14580,M,0,3,1.29,7590.49,19,0
MERCH_14581,F,2,3,1.22,15222.23,28,0
MERCH_14582,M,0,2,1.75,1302.95,30,1
MERCH_14583,M,1,0,0.0,12848.17,15,0
MERCH_14584,M,1,0,0.0,11874.46,9,0
MERCH_14585,M,0,4,2.21,4005.46,31,1
MERCH_14586,F,0,3,2.42,2337.95,1,0
MERCH_14587,F,2,1,0.7,7994.01,13,1
MERCH_14588,M,1,4,3.69,1825.49,2,1
MERCH_14589,M,0,2,1.23,10587.24,35,1
MERCH_14590,F,1,2,0.8,1694.04,11,0
MERCH_14591,F,1,1,0.41,4900.13,18,0
MERCH_14592,F,0,6,4.26,9484.35,20,0
MERCH_14593,F,0,6,4.88,1955.4,2,0
MERCH_14594,F,2,2,1.67,6534.89,24,0
MERCH_14595,F,1,0,0.0,7342.66,16,1
MERCH_14596,M,1,2,1.05,8220.27,23,1
MERCH_14597,F,1,2,1.61,2863.71,29,1
MERCH_14598,F,0,7,5.98,3852.17,30,1
MERCH_14599,F,0,4,3.44,3713.06,4,1
MERCH_14600,F,0,4,2.51,2254.17,29,1
MERCH_14601,M,0,6,4.47,3467.13,27,1
MERCH_14602,M,1,2,1.41,3633.88,33,1
MERCH_14603,F,2,0,0.0,19960.47,18,0
MERCH_14604,M,0,1,0.56,12673.37,6,0
MERCH_14605,M,0,2,1.55,1702.5,32,1
MERCH_14606,M,1,4,3.16,7745.32,31,1
MERCH_14607,F,2,1,0.51,2828.61,12,1
MERCH_14608,M,1,1,0.64,12081.61,23,1
MERCH_14609,F,2,1,0.63,5163.63,29,0
MERCH_14610,F,1,2,1.62,5184.1,3,1
MERCH_14611,F,1,0,0.0,11655.37,33,0
MERCH_14612,F,0,2,1.32,2941.25,28,1
MERCH_14613,F,0,8,6.07,1246.53,18,1
MERCH_14614,F,0,1,0.54,271.97,22,1
MERCH_14615,F,1,1,0.53,5432.47,20,0
MERCH_14616,M,2,3,1.6,1693.64,16,1
MERCH_14617,M,2,1,0.42,13491.72,7,0
MERCH_14618,F,0,3,2.34,2126.29,4,1
MERCH_14619,M,0,5,4.71,1617.52,34,1
MERCH_14620,M,0,3,1.71,1267.95,18,1
MERCH_14621,M,0,4,3.65,2999.04,33,1
MERCH_14622,F,1,1,0.73,5957.98,1,0
MERCH_14623,M,2,2,1.05,13349.9,25,1
MERCH_14624,M,2,2,0.81,6316.65,14,0
MERCH_14625,M,1,4,3.19,13062.05,11,1
MERCH_14626,F,1,1,0.78,4890.66,8,0
MERCH_14627,F,1,3,1.58,8819.59,16,1
MERCH_14628,F,0,5,2.91,770.54,31,1
MERCH_14629,F,1,1,0.89,6777.36,18,1
MERCH_14630,F,1,3,1.46,20636.86,7,1
MERCH_14631,F,1,1,0.86,2490.63,4,1
MERCH_14632,M,0,4,1.97,3628.5,32,1
MERCH_14633,M,0,7,4.65,6963.66,31,1
MERCH_14634,F,0,6,4.05,1387.14,10,1
MERCH_14635,M,2,1,0.66,5626.18,30,1
MERCH_14636,F,0,4,2.23,1338.96,35,1
MERCH_14637,M,1,2,1.08,12840.16,31,0
MERCH_14638,M,1,1,0.8,13561.75,31,1
MERCH_14639,M,0,5,2.76,5818.6,33,0
MERCH_14640,M,1,0,0.0,22144.66,5,0
MERCH_14641,F,2,1,0.87,2131.83,10,1
MERCH_14642,M,0,1,0.86,4454.37,23,1
MERCH_14643,F,2,1,0.49,18290.14,7,0
MERCH_14644,M,0,2,1.52,5439.04,28,0
MERCH_14645,M,0,6,4.39,1186.43,21,1
MERCH_14646,M,2,3,1.67,12982.42,31,0
MERCH_14647,F,1,3,1.85,13089.63,27,0
MERCH_14648,M,2,4,2.23,5666.95,29,1
MERCH_14649,F,1,3,2.09,8886.21,10,0
MERCH_14650,F,2,3,2.53,682.24,8,1
MERCH_14651,M,1,0,0.0,10666.32,9,0
MERCH_14652,F,1,3,2.39,6811.48,11,1
MERCH_14653,M,1,3,2.0,7935.49,22,1
MERCH_14654,F,0,3,2.78,2370.86,26,1
MERCH_14655,F,2,4,2.84,6571.68,2,1
MERCH_14656,M,0,7,4.64,820.11,19,1
MERCH_14657,F,1,4,3.48,4748.5,16,1
MERCH_14658,F,0,4,2.01,3508.66,4,1
MERCH_14659,M,1,1,0.49,16998.91,7,0
MERCH_14660,F,0,0,0.0,1190.18,14,0
MERCH_14661,F,0,5,4.39,3128.91,12,0
MERCH_14662,F,2,3,1.32,7604.29,21,0
MERCH_14663,M,0,2,1.64,5413.07,34,0
MERCH_14664,M,1,2,1.27,6826.71,21,0
MERCH_14665,M,0,3,2.36,6798.18,7,0
MERCH_14666,F,0,6,2.85,2079.04,21,1
MERCH_14667,M,0,3,2.81,2000.51,10,1
MERCH_14668,M,1,0,0.0,3974.06,21,1
MERCH_14669,M,0,4,2.49,4104.46,16,1
MERCH_14670,F,2,3,2.67,19028.19,25,0
MERCH_14671,M,0,5,4.46,1731.34,13,1
MERCH_14672,M,0,2,1.31,2042.34,27,0
MERCH_14673,F,0,8,7.37,1297.48,8,1
MERCH_14674,F,0,5,4.69,608.13,30,1
MERCH_14675,M,1,3,1.56,4276.38,31,1
MERCH_14676,F,2,1,0.44,5814.98,7,0
MERCH_14677,M,1,1,0.58,15725.74,30,1
MERCH_14678,M,0,2,1.34,1342.36,18,1
MERCH_14679,F,0,3,1.35,2033.48,23,1
MERCH_14680,F,0,3,1.43,2773.38,30,1
MERCH_14681,F,2,4,3.74,2951.65,30,1
MERCH_14682,M,0,4,3.22,3817.16,8,0
MERCH_14683,F,1,3,2.64,5947.04,12,1
MERCH_14684,M,0,6,5.6,1622.23,10,1
MERCH_14685,F,0,5,3.04,6065.7,7,1
MERCH_14686,F,0,5,3.89,6550.33,17,1
MERCH_14687,F,0,4,2.0,1146.1,32,1
MERCH_14688,F,1,3,2.11,13028.25,5,1
MERCH_14689,M,0,6,3.09,7987.29,21,1
MERCH_14690,F,1,1,0.49,6592.93,31,0
MERCH_14691,F,0,3,1.36,3042.31,15,1
MERCH_14692,F,2,5,3.59,7616.44,13,0
MERCH_14693,F,0,2,1.84,4417.72,7,1
MERCH_14694,F,2,3,1.4,4208.58,24,0
MERCH_14695,M,1,1,0.68,4197.64,4,1
MERCH_14696,F,2,2,1.56,4481.55,19,0
MERCH_14697,F,0,5,3.36,1145.34,35,1
MERCH_14698,F,1,2,1.8,3426.57,29,1
MERCH_14699,M,0,9,4.42,2261.43,34,1
MERCH_14700,F,0,3,1.24,1830.5,8,0
MERCH_14701,F,0,8,4.89,3250.58,2,1
MERCH_14702,M,0,2,1.41,1438.06,4,1
MERCH_14703,F,2,3,1.62,9499.07,2,0
MERCH_14704,F,0,7,3.45,2470.44,30,1
MERCH_14705,F,1,2,1.69,23817.61,29,0
MERCH_14706,M,1,1,0.5,7106.01,4,1
MERCH_14707,F,1,3,1.93,10181.33,21,1
MERCH_14708,M,1,1,0.92,3061.81,9,0
MERCH_14709,F,0,3,2.21,1191.02,2,1
MERCH_14710,F,1,0,0.0,21139.35,20,0
MERCH_14711,F,0,1,0.6,3777.69,33,1
MERCH_14712,F,2,1,0.69,10182.69,6,0
MERCH_14713,M,1,2,1.61,7056.25,29,1
MERCH_14714,F,2,2,1.7,7903.04,16,0
MERCH_14715,F,0,6,4.54,2219.16,5,1
MERCH_14716,F,0,2,1.67,3746.07,9,1
MERCH_14717,M,0,5,2.24,2516.32,32,0
MERCH_14718,F,0,6,2.45,4292.62,34,1
MERCH_14719,M,0,1,0.8,1246.81,29,0
MERCH_14720,F,1,6,3.26,7250.35,31,1
MERCH_14721,F,0,8,7.06,880.88,3,1
MERCH_14722,F,1,1,0.69,15462.5,25,0
MERCH_14723,F,2,1,0.66,10681.41,13,0
MERCH_14724,F,1,1,0.83,1908.36,19,0
MERCH_14725,F,0,2,1.62,3354.76,16,1
MERCH_14726,M,0,3,2.36,2229.35,30,1
MERCH_14727,M,0,4,3.12,5251.14,35,0
MERCH_14728,M,0,6,4.1,4870.22,2,1
MERCH_14729,F,1,2,1.82,18578.29,1,0
MERCH_14730,F,0,2,1.78,4376.82,3,0
MERCH_14731,F,2,2,1.16,6998.81,26,1
MERCH_14732,M,1,0,0.0,9034.09,28,1
MERCH_14733,M,1,2,1.78,4868.1,27,1
MERCH_14734,F,0,2,1.48,2019.87,14,1
MERCH_14735,F,0,2,1.41,3962.33,24,1
MERCH_14736,F,1,2,1.54,2452.68,35,1
MERCH_14737,F,0,2,0.98,3350.85,34,1
MERCH_14738,F,0,2,0.9,3729.46,24,1
MERCH_14739,F,0,7,5.96,4108.45,6,1
MERCH_14740,M,0,3,2.15,1533.74,31,1
MERCH_14741,F,1,3,1.4,20590.96,29,1
MERCH_14742,F,0,8,5.03,3706.41,29,1
MERCH_14743,M,1,2,1.13,14954.74,13,0
MERCH_14744,F,0,5,4.41,815.92,8,1
MERCH_14745,F,1,0,0.0,1668.46,15,1
MERCH_14746,F,2,0,0.0,2389.14,33,0
MERCH_14747,F,2,0,0.0,7988.01,25,0
MERCH_14748,F,0,2,1.68,4210.0,16,0
MERCH_14749,M,0,6,5.47,1945.23,21,1
MERCH_14750,F,0,8,6.69,2028.5,17,1
MERCH_14751,F,1,1,0.67,1002.76,34,1
MERCH_14752,M,1,0,0.0,6106.75,13,1
MERCH_14753,F,1,0,0.0,5914.0,34,1
MERCH_14754,M,0,2,0.92,1231.01,15,0
MERCH_14755,M,1,3,1.92,5001.78,22,1
MERCH_14756,F,0,5,2.5,6179.9,4,1
MERCH_14757,M,1,2,1.09,8525.7,23,0
MERCH_14758,F,0,4,2.89,2547.83,13,1
MERCH_14759,M,1,0,0.0,4831.5,8,1
MERCH_14760,F,0,3,2.63,3227.46,1,0
MERCH_14761,M,0,8,4.19,10184.19,17,1
MERCH_14762,M,1,1,0.95,12026.06,17,0
MERCH_14763,F,0,6,3.59,1930.37,8,1
MERCH_14764,F,1,3,2.05,6481.94,3,0
MERCH_14765,M,1,1,0.47,14097.65,29,1
MERCH_14766,M,1,1,0.72,27637.92,22,0
MERCH_14767,F,0,1,0.93,749.42,2,0
MERCH_14768,M,0,3,2.44,2372.23,2,0
MERCH_14769,F,1,4,2.14,6436.57,17,1
MERCH_14770,F,0,7,4.5,4678.88,9,1
MERCH_14771,F,1,4,2.54,7345.57,33,1
MERCH_14772,F,0,3,1.36,5085.76,29,1
MERCH_14773,M,0,0,0.0,571.53,29,1
MERCH_14774,F,0,5,3.05,3541.42,6,1
MERCH_14775,M,0,3,2.02,4681.13,6,1
MERCH_14776,F,0,6,3.36,486.8,1,1
MERCH_14777,F,1,0,0.0,10425.53,16,0
MERCH_14778,F,1,0,0.0,2757.06,11,0
MERCH_14779,F,0,6,2.52,2168.88,22,1
MERCH_14780,F,2,2,1.24,6046.61,34,1
MERCH_14781,F,1,1,0.8,2876.46,1,0
MERCH_14782,F,2,0,0.0,8051.25,13,0
MERCH_14783,F,1,1,0.65,6013.78,28,1
MERCH_14784,F,1,0,0.0,4915.61,13,1
MERCH_14785,F,0,3,2.84,7547.1,30,0
MERCH_14786,M,0,5,4.09,4723.17,4,1
MERCH_14787,M,0,3,2.8,3245.72,14,1
MERCH_14788,F,1,3,2.34,5712.67,23,1
MERCH_14789,F,0,5,2.74,619.89,5,1
MERCH_14790,F,1,2,1.12,4125.92,15,1
MERCH_14791,M,0,8,6.82,1435.5,23,0
MERCH_14792,F,1,1,0.64,20975.07,8,0
MERCH_14793,F,0,6,3.62,546.72,11,1
MERCH_14794,F,0,5,4.6,1841.12,7,1
MERCH_14795,F,0,5,2.04,3541.47,23,0
MERCH_14796,F,0,3,2.07,2757.21,27,1
MERCH_14797,M,0,4,3.31,1961.92,31,1
MERCH_14798,F,1,0,0.0,3655.7,2,0
MERCH_14799,F,0,6,3.61,3441.79,31,1
MERCH_14800,F,0,4,2.78,2112.67,8,0
MERCH_14801,F,1,1,0.4,21069.97,1,0
MERCH_14802,M,0,5,3.47,2478.35,25,1
MERCH_14803,F,2,4,2.9,23080.61,17,0
MERCH_14804,M,2,0,0.0,8832.57,30,1
MERCH_14805,F,0,5,2.58,1738.05,24,1
MERCH_14806,F,0,5,4.27,1611.82,31,1
MERCH_14807,M,0,7,5.56,2407.69,13,1
MERCH_14808,F,1,1,0.77,3817.46,15,1
MERCH_14809,M,1,0,0.0,3433.43,26,1
MERCH_14810,F,1,2,1.2,13714.33,32,1
MERCH_14811,M,1,1,0.79,9983.1,35,0
MERCH_14812,F,0,3,2.83,1100.39,16,0
MERCH_14813,F,1,0,0.0,11546.71,9,0
MERCH_14814,M,1,2,1.81,6109.76,19,1
MERCH_14815,M,1,1,0.72,10066.51,3,0
MERCH_14816,M,2,3,2.63,10674.14,26,1
MERCH_14817,M,1,1,0.52,4419.92,8,0
MERCH_14818,M,0,8,6.55,8275.46,6,1
MERCH_14819,F,0,2,1.72,1514.36,5,1
MERCH_14820,F,0,10,8.58,3527.98,21,1
MERCH_14821,F,0,4,3.33,1358.41,27,1
MERCH_14822,F,2,4,2.27,6386.53,8,0
MERCH_14823,F,0,4,2.75,2251.97,22,1
MERCH_14824,F,1,0,0.0,13596.44,23,1
MERCH_14825,F,1,1,0.59,8652.01,25,1
MERCH_14826,M,0,1,0.57,4025.66,7,1
MERCH_14827,F,2,1,0.56,8167.23,14,0
MERCH_14828,F,2,3,2.34,16162.01,29,1
MERCH_14829,F,1,3,2.27,10831.61,17,0
MERCH_14830,M,0,3,1.54,2964.38,6,1
MERCH_14831,M,0,6,4.68,3353.62,32,1
MERCH_14832,F,0,4,2.24,711.95,19,1
MERCH_14833,F,0,1,0.51,1028.61,27,0
MERCH_14834,F,1,1,0.81,9102.13,30,0
MERCH_14835,F,2,4,2.4,7781.62,33,1
MERCH_14836,F,1,3,2.14,15043.74,11,0
MERCH_14837,F,2,0,0.0,521.05,10,0
MERCH_14838,F,1,0,0.0,7458.62,29,1
MERCH_14839,F,0,2,1.03,798.06,22,1
MERCH_14840,M,2,1,0.49,8906.54,20,0
MERCH_14841,M,0,7,4.29,3202.88,19,1
MERCH_14842,F,2,2,1.67,11795.02,24,1
MERCH_14843,F,0,6,2.98,1094.61,28,1
MERCH_14844,F,0,3,1.39,625.45,2,1
MERCH_14845,F,2,1,0.42,11033.1,18,0
MERCH_14846,M,1,1,0.63,4291.06,18,1
MERCH_14847,F,2,2,1.11,4000.59,2,0
MERCH_14848,M,2,2,1.12,7488.75,23,1
MERCH_14849,F,0,3,2.82,849.22,15,0
MERCH_14850,M,1,1,0.51,10786.12,25,0
MERCH_14851,F,0,2,1.3,974.97,18,1
MERCH_14852,M,1,2,1.89,3649.15,21,1
MERCH_14853,F,1,2,0.83,5365.51,32,0
MERCH_14854,F,0,2,1.57,1071.81,19,0
MERCH_14855,F,1,2,1.21,13156.12,18,1
MERCH_14856,F,1,1,0.9,12450.69,24,1
MERCH_14857,M,0,1,0.9,2660.77,30,1
MERCH_14858,M,1,2,1.23,4211.2,29,1
MERCH_14859,M,1,3,1.57,3431.5,21,0
MERCH_14860,F,2,2,1.27,8895.03,21,1
MERCH_14861,M,0,8,7.45,1148.76,2,1
MERCH_14862,F,0,5,2.77,1511.95,1,1
MERCH_14863,F,1,2,1.88,2112.54,22,1
MERCH_14864,F,0,6,5.1,2494.27,19,1
MERCH_14865,F,2,1,0.55,3479.1,19,0
MERCH_14866,F,0,8,6.68,2147.19,2,1
MERCH_14867,F,1,1,0.43,3919.57,29,1
MERCH_14868,F,1,3,2.1,12735.8,23,0
MERCH_14869,M,0,4,2.39,3048.34,27,0
MERCH_14870,F,0,4,2.54,808.29,23,1
MERCH_14871,F,1,1,0.66,13535.96,28,1
MERCH_14872,F,1,3,2.03,5644.32,28,0
MERCH_14873,F,0,5,3.81,4627.76,5,1
MERCH_14874,F,2,1,0.78,8129.04,18,0
MERCH_14875,F,0,5,4.68,1898.48,30,1
MERCH_14876,F,0,6,4.92,644.27,24,1
MERCH_14877,M,1,2,1.56,2362.43,16,0
MERCH_14878,F,0,3,1.85,5345.03,29,1
MERCH_14879,M,2,3,1.39,3660.04,30,0
MERCH_14880,F,0,7,3.03,4403.14,25,1
MERCH_14881,F,0,4,2.65,4721.6,1,1
MERCH_14882,M,0,7,5.37,3489.46,31,1
MERCH_14883,F,1,2,1.52,2074.82,31,1
MERCH_14884,F,1,1,0.92,4287.17,33,0
MERCH_14885,M,1,2,1.22,21782.63,12,0
MERCH_14886,F,0,6,4.47,6219.03,25,1
MERCH_14887,M,0,5,4.44,1091.35,23,1
MERCH_14888,F,1,1,0.62,5552.03,28,0
MERCH_14889,M,0,4,2.65,4311.7,33,1
MERCH_14890,F,2,4,3.63,1537.3,26,1
MERCH_14891,F,0,0,0.0,4176.55,24,1
MERCH_14892,F,1,2,1.68,8090.66,5,1
MERCH_14893,F,0,1,0.91,12382.62,17,0
MERCH_14894,F,1,0,0.0,14620.25,15,1
MERCH_14895,F,0,5,2.3,462.65,2,1
MERCH_14896,F,0,3,2.56,3838.19,34,1
MERCH_14897,F,0,6,5.1,5688.33,20,1
MERCH_14898,F,0,5,2.32,3241.86,30,0
MERCH_14899,M,0,4,2.81,3106.16,16,1
MERCH_14900,F,1,3,2.0,9267.44,4,1
MERCH_14901,F,1,0,0.0,14316.09,31,0
MERCH_14902,F,1,1,0.55,8911.41,26,0
MERCH_14903,F,1,0,0.0,7271.63,12,1
MERCH_14904,M,1,1,0.73,9482.06,2,1
MERCH_14905,F,0,3,2.05,643.92,8,0
MERCH_14906,M,0,6,5.55,2461.63,14,1
MERCH_14907,F,0,2,1.86,1691.85,24,0
MERCH_14908,M,1,5,2.22,14650.92,25,1
MERCH_14909,F,0,5,2.82,1175.42,7,1
MERCH_14910,M,0,3,1.21,2397.15,32,1
MERCH_14911,F,1,2,1.26,3891.2,23,1
MERCH_14912,F,0,6,4.59,3078.55,26,1
MERCH_14913,F,2,0,0.0,20814.44,7,0
MERCH_14914,F,2,5,2.18,11614.9,4,1
MERCH_14915,M,0,6,3.05,3910.86,25,1
MERCH_14916,F,0,4,1.98,931.16,18,1
MERCH_14917,F,0,11,7.49,3039.39,7,1
MERCH_14918,M,1,3,2.32,4658.38,22,1
MERCH_14919,F,0,5,2.87,2105.96,4,1
MERCH_14920,M,1,0,0.0,5500.17,29,0
MERCH_14921,M,1,0,0.0,3608.5,24,0
MERCH_14922,F,0,8,6.98,2789.07,12,1
MERCH_14923,M,0,1,0.55,3087.68,9,1
MERCH_14924,F,1,2,1.26,13278.58,15,0
MERCH_14925,F,0,3,1.34,5133.85,13,0
MERCH_14926,F,1,0,0.0,10974.99,30,1
MERCH_14927,F,0,1,0.82,916.32,35,1
MERCH_14928,M,1,1,0.6,4673.92,35,0
MERCH_14929,M,2,1,0.73,7571.07,26,0
MERCH_14930,F,2,3,2.76,14863.23,19,0
MERCH_14931,F,0,6,4.79,3220.61,21,1
MERCH_14932,M,0,2,1.3,4603.71,21,1
MERCH_14933,F,1,4,2.41,17423.77,13,0
MERCH_14934,F,0,7,3.53,5475.74,21,1
MERCH_14935,F,0,2,1.63,1286.25,24,0
MERCH_14936,M,2,2,0.92,3091.12,26,1
MERCH_14937,F,0,3,1.3,3593.52,31,1
MERCH_14938,M,0,3,1.37,4753.69,30,0
MERCH_14939,M,0,3,1.6,712.3,24,1
MERCH_14940,F,1,2,1.49,6673.96,32,1
MERCH_14941,F,1,3,2.62,13952.44,30,1
MERCH_14942,M,0,7,6.62,1153.67,26,1
MERCH_14943,F,0,9,7.22,2823.96,18,1
MERCH_14944,M,0,2,0.96,3302.48,12,1
MERCH_14945,M,1,3,1.66,1774.06,21,1
MERCH_14946,F,0,1,0.47,4096.72,23,1
MERCH_14947,M,2,0,0.0,13689.63,28,0
MERCH_14948,M,0,3,2.14,2678.34,17,1
MERCH_14949,M,2,2,1.8,1621.38,15,0
MERCH_14950,F,0,5,3.88,1673.87,23,1
MERCH_14951,F,1,1,0.84,14728.81,34,0
MERCH_14952,F,0,5,3.4,1316.78,28,1
MERCH_14953,M,0,2,1.32,5520.2,4,0
MERCH_14954,F,2,1,0.92,6924.28,12,1
MERCH_14955,M,2,1,0.8,12515.33,2,0
MERCH_14956,F,0,2,1.31,1065.2,25,0
MERCH_14957,F,1,4,2.33,20825.61,24,0
MERCH_14958,F,1,2,0.9,4575.42,31,1
MERCH_14959,M,2,1,0.85,6389.16,4,1
MERCH_14960,F,0,6,2.96,2011.29,34,1
MERCH_14961,F,1,2,1.37,718.65,6,1
MERCH_14962,F,0,7,5.25,2234.52,31,1
MERCH_14963,M,0,4,3.24,1262.49,24,1
MERCH_14964,F,2,1,0.45,8160.3,25,1
MERCH_14965,F,0,4,1.62,3171.33,5,0
MERCH_14966,M,0,5,3.94,1330.45,10,1
MERCH_14967,M,1,2,1.3,4104.87,18,1
MERCH_14968,M,1,3,1.5,4494.03,29,1
MERCH_14969,F,0,3,2.82,2822.58,11,1
MERCH_14970,F,0,2,1.67,1940.5,30,1
MERCH_14971,M,2,3,2.15,4098.51,5,0
MERCH_14972,F,0,5,3.93,1858.45,6,1
MERCH_14973,M,1,0,0.0,14551.96,14,0
MERCH_14974,F,1,0,0.0,8083.7,16,0
MERCH_14975,F,0,6,5.69,1722.09,14,1
MERCH_14976,F,2,2,1.51,16966.1,33,1
MERCH_14977,F,1,2,1.54,10408.14,5,0
MERCH_14978,F,0,4,3.15,603.89,14,1
MERCH_14979,F,1,2,1.53,12227.86,9,0
MERCH_14980,M,1,2,1.28,21953.98,27,1
MERCH_14981,F,1,1,0.7,12748.29,3,0
MERCH_14982,M,2,0,0.0,4756.5,10,0
MERCH_14983,M,0,5,3.23,2310.04,11,1
MERCH_14984,F,0,5,3.2,545.55,34,1
MERCH_14985,F,0,1,0.56,3914.77,1,1
MERCH_14986,M,0,3,2.5,2126.35,10,1
MERCH_14987,F,0,5,3.13,1481.1,6,1
MERCH_14988,M,2,0,0.0,6560.77,8,0
MERCH_14989,M,1,0,0.0,1855.07,31,1
MERCH_14990,M,1,1,0.66,2069.0,6,0
MERCH_14991,F,1,1,0.82,2731.49,31,1
MERCH_14992,F,1,3,1.93,783.58,34,1
MERCH_14993,F,0,4,2.83,1629.21,29,1
MERCH_14994,F,2,2,1.57,3392.41,3,0
MERCH_14995,M,0,4,2.46,4991.72,22,1
MERCH_14996,F,2,0,0.0,3120.15,12,1
MERCH_14997,F,1,1,0.45,10940.58,19,1
MERCH_14998,M,0,8,5.76,1300.21,7,0
MERCH_14999,F,1,2,1.58,8319.04,23,1
MERCH_15000,F,1,1,0.72,17484.79,13,0
MERCH_15001,F,0,0,0.0,915.8,4,0
MERCH_15002,M,1,6,3.27,19230.51,21,1
MERCH_15003,F,0,5,2.44,4084.53,14,1
MERCH_15004,M,0,3,1.28,3180.61,7,0
MERCH_15005,F,2,2,1.27,8081.44,13,0
MERCH_15006,M,1,1,0.49,7023.56,35,1
MERCH_15007,M,2,2,1.56,14002.12,33,0
MERCH_15008,F,1,0,0.0,7015.03,11,0
MERCH_15009,F,0,11,4.84,1986.1,25,1
MERCH_15010,F,1,3,2.67,11299.9,24,1
MERCH_15011,M,1,2,1.52,3872.17,22,1
MERCH_15012,F,2,0,0.0,22982.14,22,0
MERCH_15013,F,0,5,2.43,3125.68,15,1
MERCH_15014,F,2,0,0.0,6367.89,18,0
MERCH_15015,F,2,2,1.85,6275.36,32,1
MERCH_15016,F,1,3,2.7,5756.05,10,1
MERCH_15017,F,2,0,0.0,10345.22,9,0
MERCH_15018,F,0,2,0.9,2750.36,25,1
MERCH_15019,M,2,2,1.04,6763.45,4,1
MERCH_15020,M,1,6,5.41,16193.69,7,0
MERCH_15021,F,0,3,1.58,6052.84,26,1
MERCH_15022,M,2,1,0.59,2944.8,20,1
MERCH_15023,M,0,7,2.99,2066.29,21,1
MERCH_15024,M,0,6,4.47,1749.95,5,1
MERCH_15025,F,1,1,0.71,4758.93,30,1
MERCH_15026,F,0,4,3.72,1723.35,23,1
MERCH_15027,F,0,11,9.8,1038.91,23,1
MERCH_15028,M,1,3,2.03,12395.54,6,1
MERCH_15029,F,0,9,6.62,2067.9,23,1
MERCH_15030,F,0,4,2.51,2591.16,15,1
MERCH_15031,F,0,5,2.36,4174.47,1,1
MERCH_15032,F,0,1,0.88,1009.05,28,1
MERCH_15033,F,1,3,2.11,8326.66,10,1
MERCH_15034,F,1,1,0.63,2325.21,33,1
MERCH_15035,F,2,4,1.75,2376.35,24,1
MERCH_15036,F,1,1,0.77,7219.48,6,0
MERCH_15037,M,0,5,3.1,2308.61,14,0
MERCH_15038,M,2,0,0.0,3045.9,32,1
MERCH_15039,M,1,3,2.65,14925.31,19,0
MERCH_15040,M,1,0,0.0,975.41,6,0
MERCH_15041,F,1,1,0.68,2969.73,20,1
MERCH_15042,F,2,0,0.0,5257.89,25,0
MERCH_15043,M,1,2,1.73,4224.73,20,1
MERCH_15044,F,0,6,5.1,893.52,11,1
MERCH_15045,F,1,1,0.89,26201.79,32,0
MERCH_15046,F,0,3,1.43,4284.85,29,0
MERCH_15047,F,0,2,1.83,2013.85,30,1
MERCH_15048,F,0,4,1.62,5339.33,29,0
MERCH_15049,F,0,2,1.08,4835.71,22,1
MERCH_15050,F,0,2,0.89,1429.94,11,1
MERCH_15051,M,0,2,1.84,2105.24,20,0
MERCH_15052,F,1,2,1.27,7104.94,14,1
MERCH_15053,F,1,2,1.15,12467.74,27,0
MERCH_15054,F,2,1,0.49,10016.44,4,0
MERCH_15055,M,0,7,3.4,2132.6,7,1
MERCH_15056,F,1,1,0.74,4488.01,30,0
MERCH_15057,F,2,2,0.85,6851.07,10,0
MERCH_15058,F,0,3,2.18,875.51,7,0
MERCH_15059,F,1,2,1.65,3474.68,5,0
MERCH_15060,M,1,4,2.92,5886.02,4,1
MERCH_15061,M,0,4,3.42,2191.02,15,1
MERCH_15062,F,2,1,0.55,21476.36,2,1
MERCH_15063,F,1,1,0.44,3577.08,15,1
MERCH_15064,M,0,2,1.59,404.1,20,1
MERCH_15065,F,0,4,3.42,1592.91,34,1
MERCH_15066,F,0,0,0.0,1375.15,13,1
MERCH_15067,F,0,5,4.26,1919.27,25,1
MERCH_15068,M,1,4,2.61,5056.41,14,1
MERCH_15069,F,1,1,0.51,6461.92,9,0
MERCH_15070,F,0,2,1.32,4164.07,35,1
MERCH_15071,M,2,3,1.56,8032.07,22,1
MERCH_15072,F,0,0,0.0,1351.69,5,0
MERCH_15073,F,0,5,2.41,376.61,14,1
MERCH_15074,M,0,3,1.51,3372.77,17,1
MERCH_15075,F,1,3,2.66,12837.33,5,0
MERCH_15076,F,0,3,1.39,1673.41,13,1
MERCH_15077,F,0,4,2.09,6600.7,31,1
MERCH_15078,F,0,4,3.79,3270.92,10,1
MERCH_15079,F,1,3,2.15,7816.17,23,1
MERCH_15080,F,2,3,2.17,6194.29,29,0
MERCH_15081,F,0,3,2.59,4342.1,16,1
MERCH_15082,M,0,4,2.75,6323.14,17,1
MERCH_15083,F,1,4,2.09,18283.69,7,1
MERCH_15084,F,1,1,0.63,7005.83,14,0
MERCH_15085,F,0,4,3.26,6062.93,9,1
MERCH_15086,M,2,1,0.88,3945.15,7,0
MERCH_15087,F,1,3,1.65,11699.36,14,1
MERCH_15088,F,0,2,1.09,1184.18,16,0
MERCH_15089,F,1,3,1.74,10780.91,10,0
MERCH_15090,F,2,1,0.73,10755.11,5,0
MERCH_15091,F,1,1,0.55,5024.78,7,1
MERCH_15092,M,0,4,3.56,1347.04,22,1
MERCH_15093,F,0,4,3.75,5661.55,24,1
MERCH_15094,F,0,4,3.09,959.05,22,1
MERCH_15095,F,0,5,4.67,710.43,35,1
MERCH_15096,M,1,2,1.12,9412.74,3,1
MERCH_15097,F,1,2,1.7,6843.17,7,0
MERCH_15098,F,1,3,2.32,9305.09,19,1
MERCH_15099,F,2,2,1.09,4250.48,8,0
MERCH_15100,F,0,3,1.73,1519.72,23,1
MERCH_15101,F,2,2,1.34,6995.15,20,0
MERCH_15102,F,1,5,4.18,7082.26,33,1
MERCH_15103,F,0,6,5.28,2237.18,6,1
MERCH_15104,F,1,0,0.0,18774.99,15,0
MERCH_15105,F,0,6,4.78,6618.32,5,1
MERCH_15106,F,1,1,0.55,2701.82,14,0
MERCH_15107,F,1,2,1.62,9407.77,9,0
MERCH_15108,M,0,4,2.93,1048.86,26,1
MERCH_15109,M,1,0,0.0,22375.28,32,0
MERCH_15110,M,1,2,1.85,4650.94,31,1
MERCH_15111,M,0,2,1.36,1923.03,6,1
MERCH_15112,F,0,3,2.51,4270.29,1,0
MERCH_15113,M,0,6,4.13,1150.1,19,1
MERCH_15114,F,1,1,0.91,2084.22,15,1
MERCH_15115,F,2,2,0.96,3399.68,34,1
MERCH_15116,F,2,2,1.4,14413.43,19,1
MERCH_15117,F,1,2,0.83,5371.98,11,0
MERCH_15118,M,1,4,2.03,13678.0,18,1
MERCH_15119,F,0,6,3.33,2414.08,24,1
MERCH_15120,F,1,2,1.32,1673.01,9,0
MERCH_15121,M,0,11,9.36,1394.52,11,1
MERCH_15122,F,0,7,4.6,2880.89,4,1
MERCH_15123,F,1,1,0.71,881.59,18,0
MERCH_15124,M,0,2,1.82,3259.17,23,1
MERCH_15125,F,1,0,0.0,2113.12,1,1
MERCH_15126,F,1,0,0.0,4405.85,25,0
MERCH_15127,F,0,7,3.48,6314.31,9,1
MERCH_15128,F,0,3,1.26,6409.62,1,0
MERCH_15129,M,2,1,0.44,10490.16,17,0
MERCH_15130,F,1,1,0.59,7977.3,3,0
MERCH_15131,F,0,2,1.6,1542.38,23,1
MERCH_15132,F,0,5,2.67,534.51,1,1
MERCH_15133,F,1,2,1.23,7240.52,24,1
MERCH_15134,M,1,0,0.0,5675.85,13,0
MERCH_15135,F,0,5,3.62,1638.72,20,0
MERCH_15136,F,0,6,5.35,5360.72,20,1
MERCH_15137,F,2,2,1.88,3347.26,12,0
MERCH_15138,M,1,0,0.0,30944.67,17,0
MERCH_15139,M,2,1,0.68,12606.06,21,0
MERCH_15140,F,1,0,0.0,5642.23,24,1
MERCH_15141,F,2,4,3.07,1250.66,30,1
MERCH_15142,F,0,2,1.38,4069.43,23,0
MERCH_15143,M,1,1,0.81,27412.56,23,0
MERCH_15144,F,0,7,4.69,12366.58,17,1
MERCH_15145,M,1,3,2.84,3537.47,2,0
MERCH_15146,F,0,4,1.71,4318.53,24,1
MERCH_15147,M,0,1,0.64,859.73,33,1
MERCH_15148,F,2,3,1.86,1305.12,15,0
MERCH_15149,F,2,2,1.65,15786.18,32,1
MERCH_15150,F,0,2,1.01,1546.85,34,1
MERCH_15151,F,1,0,0.0,5726.29,22,0
MERCH_15152,M,0,5,3.92,1873.52,31,1
MERCH_15153,M,0,6,4.39,92.28,15,1
MERCH_15154,M,1,1,0.7,5687.55,20,0
MERCH_15155,F,0,6,3.84,6026.47,23,1
MERCH_15156,F,2,2,1.63,5104.74,31,1
MERCH_15157,M,0,6,4.53,2808.6,2,1
MERCH_15158,F,1,1,0.88,1674.72,13,1
MERCH_15159,F,1,0,0.0,12113.04,32,0
MERCH_15160,F,0,4,1.91,1589.85,16,0
MERCH_15161,F,0,3,2.22,1094.54,15,1
MERCH_15162,F,1,2,0.85,3216.03,25,1
MERCH_15163,F,1,4,2.45,26020.58,12,0
MERCH_15164,F,0,10,6.27,283.85,28,1
MERCH_15165,M,1,4,3.48,10789.1,12,1
MERCH_15166,F,0,8,3.99,352.48,21,1
MERCH_15167,F,0,12,9.05,3626.27,12,1
MERCH_15168,F,0,4,2.02,1233.1,16,1
MERCH_15169,M,0,4,3.69,3582.02,10,1
MERCH_15170,F,1,3,2.07,6311.62,10,1
MERCH_15171,F,1,2,1.58,8766.52,2,0
MERCH_15172,F,2,1,0.76,7827.14,27,0
MERCH_15173,F,1,2,1.13,7710.45,30,1
MERCH_15174,F,2,0,0.0,1258.87,33,0
MERCH_15175,M,1,2,1.49,3128.29,16,1
MERCH_15176,M,1,1,0.68,13010.48,10,0
MERCH_15177,F,2,1,0.69,4467.07,15,0
MERCH_15178,F,1,2,1.78,6199.95,26,1
MERCH_15179,M,0,4,1.73,942.99,15,1
MERCH_15180,F,1,3,1.84,3477.25,6,1
MERCH_15181,M,2,2,1.73,23203.06,17,1
MERCH_15182,F,1,1,0.42,18889.39,1,0
MERCH_15183,M,1,2,1.5,10850.45,23,1
MERCH_15184,M,1,1,0.62,11625.17,34,0
MERCH_15185,M,2,1,0.51,9085.48,35,1
MERCH_15186,M,0,4,2.95,2365.12,25,1
MERCH_15187,F,1,5,4.29,24190.31,1,1
MERCH_15188,M,0,2,1.31,1546.88,25,1
MERCH_15189,F,1,1,0.48,3676.64,16,0
MERCH_15190,F,1,5,2.84,5092.29,12,1
MERCH_15191,M,0,4,3.76,1675.0,10,1
MERCH_15192,M,0,4,1.84,4435.83,27,1
MERCH_15193,M,1,1,0.49,3858.25,7,1
MERCH_15194,F,0,6,5.67,2313.16,6,0
MERCH_15195,M,0,4,3.54,3188.96,11,0
MERCH_15196,M,1,2,1.58,7905.21,24,0
MERCH_15197,F,0,3,1.45,821.02,25,1
MERCH_15198,F,0,4,2.13,3168.53,3,1
MERCH_15199,F,2,0,0.0,8360.88,4,0
MERCH_15200,F,0,6,4.48,3585.08,4,1
MERCH_15201,M,0,2,1.24,3399.57,1,1
MERCH_15202,F,1,2,0.85,10582.95,30,0
MERCH_15203,M,1,1,0.56,618.69,15,0
MERCH_15204,M,2,0,0.0,3267.16,31,1
MERCH_15205,F,2,3,2.51,14311.24,5,0
MERCH_15206,M,1,1,0.75,3775.88,21,1
MERCH_15207,F,0,4,1.79,4984.11,35,1
MERCH_15208,M,0,4,3.54,1666.22,4,1
MERCH_15209,F,0,5,3.47,1413.91,7,1
MERCH_15210,M,0,4,2.69,1713.17,29,1
MERCH_15211,F,1,3,2.74,47489.84,35,0
MERCH_15212,F,1,0,0.0,6502.49,32,1
MERCH_15213,M,0,6,4.23,4147.08,11,1
MERCH_15214,F,1,2,1.67,33614.08,33,1
MERCH_15215,F,0,2,0.87,3291.7,17,0
MERCH_15216,F,0,4,2.39,7746.64,12,1
MERCH_15217,M,1,0,0.0,14103.29,1,0
MERCH_15218,F,0,4,2.07,3626.28,23,1
MERCH_15219,F,0,6,4.15,795.62,7,1
MERCH_15220,F,0,4,3.24,1885.99,14,1
MERCH_15221,F,0,2,1.23,3293.04,7,0
MERCH_15222,F,1,1,0.62,4301.05,14,1
MERCH_15223,F,2,1,0.43,10431.67,34,0
MERCH_15224,F,0,1,0.5,2106.33,2,1
MERCH_15225,F,0,2,1.77,1128.71,20,1
MERCH_15226,F,1,1,0.85,12409.55,17,1
MERCH_15227,M,2,1,0.57,9052.86,10,0
MERCH_15228,F,0,5,3.05,3615.34,5,1
MERCH_15229,F,0,5,3.21,2669.87,33,1
MERCH_15230,M,1,0,0.0,4825.06,11,1
MERCH_15231,F,1,3,2.28,6815.4,21,0
MERCH_15232,M,0,2,0.81,1470.7,4,1
MERCH_15233,F,1,1,0.88,20621.76,25,0
MERCH_15234,F,0,6,3.39,3074.35,35,1
MERCH_15235,F,1,3,2.64,6980.78,35,0
MERCH_15236,M,1,2,1.3,5980.39,35,1
MERCH_15237,M,2,2,1.65,3177.16,33,1
MERCH_15238,F,0,5,4.27,3176.48,13,1
MERCH_15239,F,0,4,2.26,869.52,4,1
MERCH_15240,M,0,3,2.26,5942.51,30,1
MERCH_15241,F,2,2,1.47,11947.28,27,1
MERCH_15242,F,0,2,1.32,1238.26,35,1
MERCH_15243,M,0,5,3.29,6036.88,28,1
MERCH_15244,M,0,3,1.7,2149.93,8,1
MERCH_15245,F,1,4,2.28,11376.56,26,1
MERCH_15246,M,0,4,2.81,2119.32,34,1
MERCH_15247,M,0,4,1.67,2170.93,29,1
MERCH_15248,F,0,3,2.74,4971.61,2,0
MERCH_15249,F,2,5,3.79,7108.51,6,1
MERCH_15250,F,1,4,2.58,5000.46,16,1
MERCH_15251,M,1,2,0.87,4240.08,7,0
MERCH_15252,M,2,0,0.0,6013.61,11,0
MERCH_15253,F,2,2,0.82,25415.26,16,0
MERCH_15254,M,0,5,3.87,3009.86,6,1
MERCH_15255,F,2,2,0.88,3489.19,9,0
MERCH_15256,F,0,0,0.0,2952.24,3,0
MERCH_15257,F,0,7,4.36,5975.1,29,1
MERCH_15258,F,2,1,0.76,18286.4,8,0
MERCH_15259,M,0,4,1.9,3293.63,17,0
MERCH_15260,F,0,5,2.32,4595.66,6,1
MERCH_15261,M,0,5,2.68,2358.93,11,0
MERCH_15262,F,1,4,2.51,5890.61,10,1
MERCH_15263,F,0,4,2.16,1260.56,2,1
MERCH_15264,M,1,0,0.0,4270.51,29,1
MERCH_15265,F,2,1,0.58,7051.18,6,1
MERCH_15266,F,1,0,0.0,13055.59,9,0
MERCH_15267,F,0,3,2.16,2487.27,2,1
MERCH_15268,M,2,2,1.86,4338.48,4,0
MERCH_15269,F,0,3,1.92,5143.79,30,0
MERCH_15270,F,0,5,2.92,5699.38,4,1
MERCH_15271,F,0,5,3.91,1547.07,1,1
MERCH_15272,F,1,0,0.0,6607.65,11,0
MERCH_15273,M,0,6,4.44,815.97,7,1
MERCH_15274,F,0,5,4.6,4453.66,18,1
MERCH_15275,F,0,2,1.35,463.36,8,0
MERCH_15276,F,0,5,3.37,2444.73,30,1
MERCH_15277,F,1,4,3.31,8647.45,15,1
MERCH_15278,M,1,3,2.45,4620.98,10,1
MERCH_15279,F,1,0,0.0,4357.88,2,0
MERCH_15280,M,0,5,2.18,3748.93,15,1
MERCH_15281,F,0,7,6.58,3130.94,22,1
MERCH_15282,F,2,0,0.0,11703.54,34,0
MERCH_15283,M,0,4,2.3,665.57,3,1
MERCH_15284,F,2,2,1.88,18683.67,4,1
MERCH_15285,M,0,8,7.04,6545.79,25,1
MERCH_15286,M,2,5,2.91,8459.18,5,1
MERCH_15287,F,0,5,2.85,1932.21,12,1
MERCH_15288,F,0,9,7.17,2341.65,24,1
MERCH_15289,M,1,1,0.58,17010.43,19,0
MERCH_15290,F,1,1,0.54,4286.69,32,0
MERCH_15291,F,0,2,1.88,622.79,12,1
MERCH_15292,F,1,1,0.71,11273.05,27,1
MERCH_15293,F,1,3,2.46,7402.9,18,1
MERCH_15294,M,0,2,1.58,5419.5,25,0
MERCH_15295,F,0,5,4.08,2614.5,23,1
MERCH_15296,F,0,5,4.48,8574.17,3,1
MERCH_15297,F,0,1,0.68,8937.26,2,0
MERCH_15298,F,1,1,0.81,5145.78,11,0
MERCH_15299,F,0,5,4.19,436.71,30,1
MERCH_15300,M,0,3,2.76,2890.78,13,0
MERCH_15301,F,0,4,3.17,800.36,6,0
MERCH_15302,M,1,3,2.67,2140.66,12,1
MERCH_15303,M,0,5,2.26,4638.67,8,0
MERCH_15304,F,0,2,0.94,3163.03,9,0
MERCH_15305,F,0,4,1.95,1489.39,4,1
MERCH_15306,F,2,2,0.96,7823.96,32,1
MERCH_15307,F,0,4,1.79,2758.58,12,1
MERCH_15308,M,1,2,0.93,9326.77,18,0
MERCH_15309,M,0,6,5.69,5224.93,31,1
MERCH_15310,F,0,1,0.55,2387.55,29,1
MERCH_15311,F,1,2,1.33,1489.05,29,1
MERCH_15312,M,0,1,0.85,6661.08,27,1
MERCH_15313,M,2,2,0.93,7376.8,11,1
MERCH_15314,F,2,2,1.15,4355.31,33,1
MERCH_15315,F,1,1,0.49,2518.85,18,1
MERCH_15316,F,1,1,0.43,8231.77,20,1
MERCH_15317,M,0,4,3.71,2137.18,28,1
MERCH_15318,F,0,9,7.85,1200.83,22,1
MERCH_15319,F,2,3,2.65,14342.04,32,0
MERCH_15320,F,1,1,0.88,2935.37,21,0
MERCH_15321,F,1,3,1.46,2750.76,27,1
MERCH_15322,F,0,3,2.5,1423.92,26,1
MERCH_15323,M,0,4,3.2,386.0,23,1
MERCH_15324,F,2,2,1.82,1492.4,34,1
MERCH_15325,F,0,3,1.56,1006.66,12,0
MERCH_15326,F,0,2,1.26,1693.41,11,1
MERCH_15327,F,0,6,3.37,1006.61,32,1
MERCH_15328,F,1,0,0.0,8300.75,16,0
MERCH_15329,F,0,6,4.55,1134.8,31,1
MERCH_15330,F,1,1,0.49,8786.2,6,0
MERCH_15331,F,0,5,3.28,1270.3,13,1
MERCH_15332,F,2,1,0.76,8068.49,11,0
MERCH_15333,F,1,0,0.0,18817.99,11,0
MERCH_15334,M,0,3,1.62,3164.17,20,1
MERCH_15335,M,1,0,0.0,1334.55,29,1
MERCH_15336,F,0,2,1.67,1015.14,19,0
MERCH_15337,F,0,5,3.86,568.7,30,1
MERCH_15338,M,2,1,0.87,2056.75,6,0
MERCH_15339,F,0,3,1.22,4606.21,17,1
MERCH_15340,M,0,7,2.82,2017.12,18,1
MERCH_15341,M,0,5,2.42,2162.6,18,0
MERCH_15342,F,0,7,4.71,4641.67,12,1
MERCH_15343,F,2,1,0.71,3392.72,3,0
MERCH_15344,M,0,4,1.85,2745.15,18,1
MERCH_15345,F,2,1,0.44,11322.35,16,0
MERCH_15346,F,2,4,3.42,5547.46,28,0
MERCH_15347,F,0,2,1.31,6910.07,9,1
MERCH_15348,F,0,4,3.78,1938.7,20,1
MERCH_15349,M,2,1,0.53,2693.34,18,0
MERCH_15350,M,0,8,6.05,1234.68,25,1
MERCH_15351,M,0,3,2.53,2585.91,21,0
MERCH_15352,F,0,4,3.52,3854.14,26,1
MERCH_15353,F,1,5,2.84,2930.7,23,1
MERCH_15354,F,1,1,0.51,16235.18,10,0
MERCH_15355,F,0,3,1.57,921.4,13,1
MERCH_15356,F,0,5,3.83,5975.67,12,1
MERCH_15357,M,2,1,0.69,4029.66,3,0
MERCH_15358,M,1,2,1.46,391.24,14,0
MERCH_15359,F,1,0,0.0,10582.29,35,0
MERCH_15360,F,1,0,0.0,962.89,34,1
MERCH_15361,F,0,5,2.85,14777.56,29,1
MERCH_15362,F,1,0,0.0,7617.47,30,1
MERCH_15363,M,0,3,2.48,721.08,7,0
MERCH_15364,F,0,6,3.82,1768.29,2,1
MERCH_15365,M,1,2,1.49,1899.91,18,1
MERCH_15366,F,0,7,2.98,3372.54,26,1
MERCH_15367,F,2,1,0.75,1303.45,17,1
MERCH_15368,M,0,2,0.91,342.27,12,1
MERCH_15369,F,2,1,0.79,20857.93,32,0
MERCH_15370,F,2,2,1.43,2890.87,29,0
MERCH_15371,F,0,3,1.7,2813.62,10,1
MERCH_15372,F,1,0,0.0,5875.83,2,0
MERCH_15373,M,0,5,2.25,1508.18,14,1
MERCH_15374,F,2,2,1.16,4789.11,10,1
MERCH_15375,M,0,5,4.66,3865.74,1,1
MERCH_15376,F,1,1,0.67,6244.46,21,1
MERCH_15377,F,0,1,0.66,806.8,5,0
MERCH_15378,M,0,4,2.98,729.57,9,1
MERCH_15379,F,0,4,2.67,5471.59,9,1
MERCH_15380,F,0,7,4.17,4030.76,18,1
MERCH_15381,F,1,3,1.43,20479.35,5,0
MERCH_15382,F,1,2,1.49,12266.36,16,0
MERCH_15383,F,1,4,3.25,2873.04,34,1
MERCH_15384,F,0,4,3.63,1877.31,4,1
MERCH_15385,F,0,3,1.2,5547.03,21,0
MERCH_15386,F,0,1,0.44,814.22,14,1
MERCH_15387,M,1,0,0.0,1431.8,27,1
MERCH_15388,F,2,0,0.0,21683.15,12,0
MERCH_15389,M,0,3,2.78,6983.63,27,1
MERCH_15390,F,0,4,2.55,5769.65,34,1
MERCH_15391,F,0,7,4.4,5461.16,4,1
MERCH_15392,M,1,0,0.0,13502.46,2,0
MERCH_15393,F,1,2,0.96,17542.64,32,0
MERCH_15394,M,1,2,1.22,3225.59,2,0
MERCH_15395,F,0,4,1.63,1818.57,22,1
MERCH_15396,F,1,2,1.36,4341.74,19,1
MERCH_15397,F,1,1,0.87,9560.31,26,1
MERCH_15398,F,0,5,2.88,462.65,20,1
MERCH_15399,M,1,2,0.9,17528.69,18,1
MERCH_15400,F,0,1,0.94,491.37,14,1
MERCH_15401,M,0,3,1.41,4531.48,20,1
MERCH_15402,M,2,1,0.69,4009.33,24,1
MERCH_15403,F,0,6,5.07,3125.59,31,1
MERCH_15404,F,1,3,1.62,8047.53,15,1
MERCH_15405,M,1,0,0.0,833.27,7,0
MERCH_15406,M,0,10,7.06,2771.12,23,1
MERCH_15407,F,1,0,0.0,2751.85,29,0
MERCH_15408,F,1,1,0.88,886.14,4,1
MERCH_15409,F,0,6,4.45,2478.67,31,1
MERCH_15410,M,0,9,6.65,401.85,18,1
MERCH_15411,F,0,3,2.03,6919.45,31,1
MERCH_15412,M,0,7,3.86,926.54,18,1
MERCH_15413,F,0,3,1.7,2611.36,10,1
MERCH_15414,F,0,4,1.79,2359.3,7,1
MERCH_15415,F,0,4,2.14,4577.3,28,1
MERCH_15416,F,2,1,0.55,3847.55,18,1
MERCH_15417,F,0,6,2.59,1437.01,31,1
MERCH_15418,F,1,0,0.0,7207.06,9,0
MERCH_15419,F,1,2,1.1,2967.49,16,1
MERCH_15420,F,1,0,0.0,4535.13,25,1
MERCH_15421,F,0,1,0.5,1090.36,30,1
MERCH_15422,M,2,2,1.37,8618.53,2,0
MERCH_15423,F,1,1,0.68,11632.5,5,1
MERCH_15424,F,1,3,2.58,14885.27,30,0
MERCH_15425,F,0,5,3.68,4720.56,19,1
MERCH_15426,M,0,8,7.23,3234.15,14,0
MERCH_15427,F,1,4,2.98,9599.46,27,1
MERCH_15428,M,0,6,2.48,3141.4,30,1
MERCH_15429,M,0,3,1.83,2120.45,14,1
MERCH_15430,F,0,8,6.28,761.72,31,1
MERCH_15431,F,1,2,1.32,18059.28,30,0
MERCH_15432,M,2,1,0.63,9383.56,11,1
MERCH_15433,F,0,4,3.08,3970.47,17,1
MERCH_15434,F,1,0,0.0,4198.28,10,0
MERCH_15435,M,1,1,0.9,26484.79,16,0
MERCH_15436,F,0,3,1.88,5471.77,11,1
MERCH_15437,M,2,6,4.48,4843.02,28,1
MERCH_15438,F,2,1,0.94,3945.99,21,0
MERCH_15439,M,1,7,5.82,11789.1,28,1
MERCH_15440,F,0,5,3.46,2108.33,23,1
MERCH_15441,F,1,0,0.0,8550.68,1,0
MERCH_15442,F,0,4,2.83,5783.56,13,1
MERCH_15443,M,0,6,3.86,2805.1,8,1
MERCH_15444,F,0,5,4.4,2008.0,19,1
MERCH_15445,F,1,2,0.83,9756.88,24,1
MERCH_15446,F,2,3,1.87,1560.55,25,0
MERCH_15447,F,0,6,3.53,2702.17,26,1
MERCH_15448,F,0,8,6.34,620.7,27,1
MERCH_15449,F,2,3,1.22,11089.33,32,1
MERCH_15450,F,0,6,4.58,2089.85,3,1
MERCH_15451,F,1,2,1.18,20402.19,9,0
MERCH_15452,F,0,5,2.27,5175.79,1,1
MERCH_15453,F,0,4,3.76,2820.14,18,1
MERCH_15454,M,2,2,1.03,21745.71,3,0
MERCH_15455,F,0,4,2.37,1529.38,14,1
MERCH_15456,F,0,1,0.51,944.02,32,1
MERCH_15457,F,0,2,1.53,1957.42,4,1
MERCH_15458,M,2,2,1.66,5789.71,21,1
MERCH_15459,M,2,5,4.37,6123.62,27,1
MERCH_15460,M,0,4,2.28,2431.78,5,0
MERCH_15461,F,0,5,3.44,419.24,3,1
MERCH_15462,F,1,1,0.76,3617.97,22,1
MERCH_15463,F,0,4,2.98,1520.27,20,1
MERCH_15464,F,1,0,0.0,21420.41,2,0
MERCH_15465,F,0,3,2.47,1498.73,1,1
MERCH_15466,M,0,3,1.36,1622.33,23,1
MERCH_15467,M,1,1,0.49,11530.69,25,0
MERCH_15468,M,0,7,5.63,1976.38,26,1
MERCH_15469,F,2,3,1.99,25240.4,3,0
MERCH_15470,M,0,3,1.9,4109.64,31,1
MERCH_15471,F,0,3,1.95,3674.52,27,1
MERCH_15472,F,2,4,2.42,1496.22,13,1
MERCH_15473,M,0,3,2.18,2936.79,33,1
MERCH_15474,F,1,1,0.58,7721.67,25,0
MERCH_15475,F,0,5,3.75,4689.09,16,1
MERCH_15476,F,1,4,2.05,11232.58,26,1
MERCH_15477,M,1,0,0.0,9959.36,18,0
MERCH_15478,M,0,5,4.15,3047.05,17,1
MERCH_15479,F,1,3,2.15,4508.23,25,1
MERCH_15480,M,1,1,0.6,2846.03,26,0
MERCH_15481,F,0,4,1.63,3127.09,18,1
MERCH_15482,F,1,1,0.47,2990.1,1,0
MERCH_15483,M,1,2,0.89,7252.84,7,1
MERCH_15484,M,0,6,2.43,6328.31,30,1
MERCH_15485,M,0,3,2.39,7203.74,33,0
MERCH_15486,F,0,4,3.7,1968.08,25,1
MERCH_15487,M,0,2,0.81,4971.39,25,0
MERCH_15488,F,1,0,0.0,7150.64,27,0
MERCH_15489,M,0,4,3.49,951.14,35,1
MERCH_15490,F,2,3,2.34,7227.83,18,1
MERCH_15491,M,0,1,0.62,10456.74,30,1
MERCH_15492,F,0,4,3.78,3563.07,14,1
MERCH_15493,F,1,3,2.15,3388.97,35,1
MERCH_15494,F,1,1,0.77,9281.09,34,0
MERCH_15495,F,1,2,1.52,12708.53,20,0
MERCH_15496,F,0,7,3.66,4929.56,15,1
MERCH_15497,M,0,3,2.01,1944.46,7,1
MERCH_15498,F,0,5,2.6,7330.54,13,0
MERCH_15499,F,2,1,0.68,6592.62,34,0
MERCH_15500,F,0,2,0.83,3121.32,13,1
MERCH_15501,F,2,2,1.22,1556.27,4,1
MERCH_15502,F,1,0,0.0,17917.06,13,0
MERCH_15503,F,0,3,1.68,783.32,13,0
MERCH_15504,F,1,3,1.33,12042.42,23,0
MERCH_15505,F,1,5,4.12,4880.86,29,1
MERCH_15506,F,2,2,1.26,2370.7,33,1
MERCH_15507,F,0,5,4.24,1715.44,23,1
MERCH_15508,F,0,5,4.3,490.24,3,0
MERCH_15509,F,0,5,2.59,1325.91,32,1
MERCH_15510,F,0,0,0.0,1456.99,3,0
MERCH_15511,M,1,4,3.19,2477.92,12,0
MERCH_15512,M,2,1,0.67,9004.7,4,0
MERCH_15513,M,0,3,2.61,2292.53,33,1
MERCH_15514,F,1,1,0.71,8971.82,32,1
MERCH_15515,M,1,0,0.0,4504.87,17,1
MERCH_15516,M,0,5,4.16,2009.03,9,1
MERCH_15517,M,0,1,0.47,737.73,5,0
MERCH_15518,F,1,0,0.0,4133.07,21,1
MERCH_15519,F,2,0,0.0,2350.51,3,0
MERCH_15520,M,1,0,0.0,5474.53,3,0
MERCH_15521,F,0,4,2.07,1377.44,35,1
MERCH_15522,F,0,3,2.14,4011.83,33,1
MERCH_15523,F,0,5,4.32,4277.11,3,1
MERCH_15524,F,1,2,0.95,8197.57,18,0
MERCH_15525,F,1,1,0.82,12554.51,3,1
MERCH_15526,F,0,1,0.48,2923.65,29,1
MERCH_15527,F,1,0,0.0,4652.71,5,0
MERCH_15528,F,1,0,0.0,7605.07,9,0
MERCH_15529,F,1,1,0.41,19618.99,12,0
MERCH_15530,F,2,1,0.51,14128.75,16,0
MERCH_15531,F,0,3,1.56,2428.2,27,1
MERCH_15532,M,2,1,0.56,1450.17,9,1
MERCH_15533,M,0,4,2.4,7992.23,22,1
MERCH_15534,F,0,5,2.28,2124.92,17,1
MERCH_15535,F,2,1,0.66,15443.41,1,0
MERCH_15536,F,2,2,1.24,7084.9,3,0
MERCH_15537,M,1,0,0.0,17043.21,5,0
MERCH_15538,F,1,0,0.0,8938.82,22,0
MERCH_15539,F,1,5,2.82,1598.34,1,0
MERCH_15540,F,1,3,2.1,5853.66,4,1
MERCH_15541,F,0,7,4.23,3010.15,22,1
MERCH_15542,M,1,2,0.84,8256.85,24,1
MERCH_15543,M,0,2,1.7,4704.87,32,0
MERCH_15544,F,0,5,3.74,2981.18,2,1
MERCH_15545,F,0,7,2.81,2470.4,5,1
MERCH_15546,F,1,2,1.07,2749.95,7,0
MERCH_15547,F,2,1,0.57,22454.71,8,0
MERCH_15548,F,1,1,0.85,5675.31,12,1
MERCH_15549,F,2,1,0.82,4394.58,28,1
MERCH_15550,F,0,3,1.85,1016.45,2,1
MERCH_15551,F,1,3,1.46,3993.27,14,1
MERCH_15552,M,1,2,1.22,13312.46,19,0
MERCH_15553,F,1,2,1.69,1986.03,21,1
MERCH_15554,M,1,0,0.0,5196.7,30,0
MERCH_15555,M,1,0,0.0,1046.7,21,1
MERCH_15556,F,2,5,2.11,3599.32,28,0
MERCH_15557,M,1,1,0.58,4292.21,33,1
MERCH_15558,F,0,8,3.85,1310.46,7,1
MERCH_15559,F,1,2,1.62,3040.47,16,1
MERCH_15560,F,0,5,2.77,6113.33,25,1
MERCH_15561,M,0,5,4.41,1433.51,30,1
MERCH_15562,F,2,2,1.48,12881.62,17,1
MERCH_15563,F,0,3,1.85,1602.56,16,0
MERCH_15564,M,1,1,0.74,2365.12,4,0
MERCH_15565,F,0,5,2.81,3811.99,30,1
MERCH_15566,M,0,3,1.43,5069.42,20,0
MERCH_15567,M,0,4,3.72,780.44,35,1
MERCH_15568,M,0,3,2.13,3535.02,5,1
MERCH_15569,M,1,1,0.4,5681.75,14,0
MERCH_15570,M,0,8,4.57,8278.54,28,1
MERCH_15571,F,0,6,2.93,4772.72,10,1
MERCH_15572,M,0,6,3.25,6669.81,30,1
MERCH_15573,F,0,5,2.15,1621.89,32,1
MERCH_15574,F,1,0,0.0,20843.19,12,1
MERCH_15575,F,0,3,2.33,4100.88,16,0
MERCH_15576,M,1,0,0.0,8088.74,26,1
MERCH_15577,M,2,3,1.77,11425.79,35,1
MERCH_15578,M,1,6,4.12,3001.67,16,1
MERCH_15579,F,1,0,0.0,8150.38,17,0
MERCH_15580,F,0,3,1.35,1880.43,23,1
MERCH_15581,F,0,8,5.63,5122.22,22,1
MERCH_15582,M,2,2,1.72,745.47,21,1
MERCH_15583,M,1,2,0.9,7983.78,34,1
MERCH_15584,F,1,3,1.89,5091.62,5,0
MERCH_15585,F,1,2,1.87,22161.92,31,1
MERCH_15586,F,0,1,0.81,2115.18,33,1
MERCH_15587,F,0,7,3.56,1946.03,3,1
MERCH_15588,M,1,6,3.34,8071.56,19,1
MERCH_15589,F,1,3,2.76,11653.54,18,1
MERCH_15590,F,0,3,1.56,445.59,28,1
MERCH_15591,F,2,2,1.28,2170.42,15,0
MERCH_15592,F,0,4,2.38,7414.2,33,1
MERCH_15593,M,0,2,1.34,2785.14,28,1
MERCH_15594,F,2,1,0.53,33208.82,8,0
MERCH_15595,F,1,3,2.3,3342.82,30,0
MERCH_15596,F,1,0,0.0,10665.38,1,0
MERCH_15597,M,0,1,0.73,2818.93,7,1
MERCH_15598,M,0,5,2.98,6026.55,14,1
MERCH_15599,M,1,0,0.0,1782.58,21,0
MERCH_15600,F,0,2,1.56,7447.12,6,0
MERCH_15601,F,1,2,1.86,7856.23,17,0
MERCH_15602,F,2,1,0.88,6762.61,14,0
MERCH_15603,M,1,0,0.0,10514.8,7,0
MERCH_15604,F,0,2,1.3,2168.2,15,1
MERCH_15605,F,1,2,1.56,8056.13,8,0
MERCH_15606,M,0,4,2.84,5479.05,10,1
MERCH_15607,M,0,4,3.2,994.04,29,1
MERCH_15608,F,0,2,1.87,3419.73,19,0
MERCH_15609,F,0,5,2.94,3504.38,2,1
MERCH_15610,F,2,1,0.82,23168.57,8,0
MERCH_15611,M,0,4,1.81,1831.19,30,1
MERCH_15612,M,0,5,4.39,101.35,18,1
MERCH_15613,F,2,1,0.83,4846.2,2,0
MERCH_15614,F,0,6,4.12,1273.77,5,1
MERCH_15615,M,1,0,0.0,20442.45,13,0
MERCH_15616,M,0,6,4.6,71.65,11,1
MERCH_15617,F,0,6,4.22,4930.89,8,1
MERCH_15618,F,2,0,0.0,9421.13,17,0
MERCH_15619,F,0,7,3.3,753.34,11,1
MERCH_15620,F,1,1,0.95,9845.0,26,0
MERCH_15621,M,0,1,0.48,374.09,34,1
MERCH_15622,M,0,1,0.66,4020.71,3,0
MERCH_15623,M,0,3,1.58,2205.45,25,0
MERCH_15624,F,0,3,1.65,216.86,24,1
MERCH_15625,M,0,6,4.49,690.64,23,1
MERCH_15626,F,1,1,0.42,12345.53,30,1
MERCH_15627,F,0,3,2.75,7964.67,27,1
MERCH_15628,F,0,2,1.11,8120.74,10,1
MERCH_15629,F,0,2,1.1,5078.42,9,1
MERCH_15630,M,2,1,0.87,1557.23,2,0
MERCH_15631,F,2,1,0.82,16970.28,21,0
MERCH_15632,F,1,1,0.77,26426.59,11,0
MERCH_15633,F,2,1,0.48,20301.23,10,0
MERCH_15634,F,0,7,5.76,3155.84,25,1
MERCH_15635,F,0,5,2.99,878.63,5,1
MERCH_15636,F,1,3,2.84,16394.08,22,1
MERCH_15637,M,1,1,0.77,7066.05,5,0
MERCH_15638,F,0,5,4.3,2335.96,9,1
MERCH_15639,F,0,7,5.63,2457.56,11,1
MERCH_15640,F,2,5,3.63,7462.37,5,1
MERCH_15641,M,1,1,0.79,2426.33,6,1
MERCH_15642,F,0,6,4.37,1812.91,33,1
MERCH_15643,F,1,2,0.86,22297.34,16,1
MERCH_15644,F,0,4,2.36,2422.33,24,1
MERCH_15645,F,0,6,3.44,1717.4,14,1
MERCH_15646,F,0,3,2.38,1106.05,24,1
MERCH_15647,M,0,6,4.3,1056.67,12,1
MERCH_15648,F,0,2,1.47,4130.29,23,0
MERCH_15649,F,1,7,6.06,9256.62,6,1
MERCH_15650,M,0,2,1.38,2845.96,21,1
MERCH_15651,M,1,3,1.56,12078.18,9,1
MERCH_15652,F,0,0,0.0,4945.59,5,1
MERCH_15653,F,0,9,4.39,2548.87,31,1
MERCH_15654,F,2,1,0.42,13408.74,35,0
MERCH_15655,F,1,1,0.53,4314.12,3,0
MERCH_15656,M,2,3,2.25,16378.53,19,0
MERCH_15657,M,2,2,0.97,6372.54,19,0
MERCH_15658,M,0,6,2.67,8067.48,1,1
MERCH_15659,F,0,5,4.67,2366.85,22,0
MERCH_15660,F,2,4,3.79,2714.64,19,1
MERCH_15661,F,2,3,2.25,9355.19,26,1
MERCH_15662,M,1,4,1.84,6752.34,15,0
MERCH_15663,F,1,1,0.85,2065.7,19,0
MERCH_15664,F,1,2,1.39,24988.12,25,1
MERCH_15665,M,0,3,1.5,2158.56,31,1
MERCH_15666,M,1,3,2.15,2043.67,30,1
MERCH_15667,M,1,1,0.42,6641.57,33,1
MERCH_15668,F,1,1,0.93,4403.65,16,1
MERCH_15669,M,0,12,10.25,1672.5,12,1
MERCH_15670,M,0,7,3.8,3353.19,28,1
MERCH_15671,F,0,4,2.52,1273.33,30,0
MERCH_15672,F,0,5,3.09,4914.02,6,1
MERCH_15673,F,2,1,0.87,4279.8,14,0
MERCH_15674,M,0,6,3.57,1061.24,5,1
MERCH_15675,F,0,4,1.71,2696.36,23,1
MERCH_15676,F,0,6,3.11,499.09,32,1
MERCH_15677,F,1,1,0.52,6643.49,31,0
MERCH_15678,M,1,1,0.92,5938.01,14,1
MERCH_15679,F,0,5,4.54,1793.93,32,1
MERCH_15680,F,0,3,1.7,825.58,27,1
MERCH_15681,F,0,5,2.01,1271.12,1,1
MERCH_15682,M,1,1,0.68,14841.27,9,0
MERCH_15683,F,0,3,2.52,1062.85,16,1
MERCH_15684,F,2,4,2.19,16840.36,35,0
MERCH_15685,M,0,2,1.28,4248.13,10,0
MERCH_15686,F,0,5,2.48,2010.48,16,0
MERCH_15687,M,1,1,0.58,17164.65,30,1
MERCH_15688,F,0,2,1.63,3466.13,33,1
MERCH_15689,F,1,2,1.27,6227.36,15,0
MERCH_15690,F,0,5,3.23,1171.78,8,1
MERCH_15691,F,1,2,1.67,6990.04,4,1
MERCH_15692,M,1,3,2.46,21059.53,2,0
MERCH_15693,F,2,0,0.0,6896.79,7,0
MERCH_15694,M,0,2,1.26,8244.46,34,0
MERCH_15695,F,0,5,4.33,1652.84,25,1
MERCH_15696,F,0,6,3.91,4654.45,7,0
MERCH_15697,F,2,4,3.06,20838.12,25,0
MERCH_15698,M,2,1,0.57,5639.08,2,0
MERCH_15699,F,0,3,1.3,1184.15,26,1
MERCH_15700,F,0,6,2.94,129.54,3,1
MERCH_15701,F,0,3,1.86,2084.67,29,1
MERCH_15702,F,0,2,1.19,3981.22,11,1
MERCH_15703,F,0,2,1.79,1145.84,21,1
MERCH_15704,M,0,5,3.5,1549.34,4,1
MERCH_15705,F,1,3,2.23,9271.9,5,1
MERCH_15706,M,2,4,3.12,13388.43,6,0
MERCH_15707,F,2,3,2.08,9147.67,22,1
MERCH_15708,M,0,1,0.82,1081.9,6,0
MERCH_15709,M,1,1,0.83,4651.71,14,1
MERCH_15710,F,2,2,1.19,3508.0,22,0
MERCH_15711,M,0,8,3.57,2864.55,16,1
MERCH_15712,F,1,4,3.77,4225.29,32,1
MERCH_15713,M,0,7,5.27,1221.51,7,1
MERCH_15714,M,0,2,1.58,1170.29,23,1
MERCH_15715,F,0,3,2.45,7707.96,14,1
MERCH_15716,F,0,6,4.42,2995.05,6,1
MERCH_15717,F,1,3,1.98,17913.73,25,0
MERCH_15718,F,0,5,4.71,5628.63,3,1
MERCH_15719,F,0,2,1.6,5776.01,13,0
MERCH_15720,F,0,7,6.06,5021.57,3,0
MERCH_15721,F,2,1,0.64,25020.96,31,0
MERCH_15722,M,0,4,3.59,2923.57,3,1
MERCH_15723,F,1,0,0.0,8936.47,17,0
MERCH_15724,F,1,1,0.81,9197.88,2,0
MERCH_15725,F,0,4,1.79,528.93,5,0
MERCH_15726,F,0,10,7.4,1535.55,9,0
MERCH_15727,F,1,2,1.17,15514.29,29,0
MERCH_15728,F,0,2,1.54,2111.12,35,1
MERCH_15729,M,0,3,2.14,5105.31,35,1
MERCH_15730,M,1,2,0.92,6902.12,30,1
MERCH_15731,F,0,4,2.77,6964.25,15,1
MERCH_15732,M,0,4,2.59,6121.94,29,0
MERCH_15733,F,0,1,0.83,1117.45,25,0
MERCH_15734,M,0,2,1.35,583.16,11,0
MERCH_15735,M,1,1,0.66,2298.36,4,0
MERCH_15736,F,1,0,0.0,1687.85,12,0
MERCH_15737,F,1,3,2.3,10362.29,32,0
MERCH_15738,F,1,1,0.95,9738.38,5,0
MERCH_15739,F,0,6,3.56,3280.8,25,1
MERCH_15740,M,0,2,1.56,2891.52,4,1
MERCH_15741,F,0,3,1.48,3753.28,24,1
MERCH_15742,M,0,6,5.06,1061.09,2,1
MERCH_15743,M,2,0,0.0,22755.73,35,0
MERCH_15744,F,1,0,0.0,11798.79,8,1
MERCH_15745,M,0,3,1.4,933.49,9,1
MERCH_15746,M,0,5,4.72,1378.16,28,1
MERCH_15747,M,0,5,4.59,3468.17,10,0
MERCH_15748,M,0,5,3.02,6521.9,5,0
MERCH_15749,M,0,1,0.72,1365.59,31,1
MERCH_15750,F,1,2,1.78,3269.0,29,1
MERCH_15751,M,2,1,0.67,14485.28,3,0
MERCH_15752,F,1,0,0.0,15045.31,26,1
MERCH_15753,M,0,1,0.73,2154.34,31,0
MERCH_15754,M,0,4,3.03,1151.18,2,1
MERCH_15755,F,1,2,1.43,4957.91,15,0
MERCH_15756,F,1,1,0.62,25114.45,13,0
MERCH_15757,F,1,0,0.0,14197.76,28,0
MERCH_15758,F,2,0,0.0,11510.88,14,0
MERCH_15759,F,1,2,1.75,6552.9,12,0
MERCH_15760,M,1,2,1.65,16146.77,15,0
MERCH_15761,M,0,3,1.88,1343.54,21,1
MERCH_15762,M,1,0,0.0,5676.29,29,0
MERCH_15763,F,0,4,2.45,1713.89,35,1
MERCH_15764,M,0,2,1.53,1674.82,20,1
MERCH_15765,M,1,3,2.14,2174.77,18,0
MERCH_15766,F,0,6,3.39,397.98,15,1
MERCH_15767,F,0,3,1.95,2201.57,12,0
MERCH_15768,F,0,1,0.86,6535.89,34,1
MERCH_15769,M,0,7,6.31,5215.58,5,1
MERCH_15770,F,0,6,3.08,3273.28,17,1
MERCH_15771,M,0,2,1.3,2453.53,13,1
MERCH_15772,F,0,6,3.83,8712.67,13,1
MERCH_15773,M,0,4,2.68,3600.78,16,1
MERCH_15774,F,2,1,0.94,4778.86,3,0
MERCH_15775,F,0,3,2.06,2532.31,2,1
MERCH_15776,F,0,5,4.28,6108.61,25,1
MERCH_15777,F,1,2,1.53,1164.18,3,0
MERCH_15778,M,2,2,0.92,16636.11,11,0
MERCH_15779,F,1,2,1.57,7407.16,11,1
MERCH_15780,M,0,7,5.29,2144.02,10,1
MERCH_15781,F,1,0,0.0,4027.42,28,0
MERCH_15782,F,1,1,0.44,9618.25,11,0
MERCH_15783,F,1,2,1.07,10187.64,7,0
MERCH_15784,F,1,2,1.65,7833.66,29,1
MERCH_15785,M,2,6,3.62,4329.52,1,1
MERCH_15786,F,2,3,2.7,11569.19,15,1
MERCH_15787,M,1,2,1.37,20109.02,7,0
MERCH_15788,M,0,4,1.6,6462.72,4,0
MERCH_15789,F,1,2,1.57,4727.31,3,0
MERCH_15790,F,1,1,0.68,4452.72,20,1
MERCH_15791,M,0,7,4.02,2778.84,3,1
MERCH_15792,M,2,2,0.82,2558.61,29,1
MERCH_15793,M,0,3,1.53,3557.59,20,1
MERCH_15794,F,0,4,1.96,1554.78,10,1
MERCH_15795,M,2,1,0.72,4063.0,35,1
MERCH_15796,F,0,4,3.29,5295.41,26,1
MERCH_15797,M,0,4,2.12,943.56,30,1
MERCH_15798,M,0,5,3.92,3961.95,26,1
MERCH_15799,F,0,2,1.79,379.92,20,1
MERCH_15800,F,0,5,3.71,7304.33,9,1
MERCH_15801,F,0,1,0.83,2562.22,11,0
MERCH_15802,F,0,3,1.54,650.37,33,1
MERCH_15803,M,2,4,1.76,7425.55,30,1
MERCH_15804,F,2,2,1.2,24081.32,30,0
MERCH_15805,F,0,6,4.74,847.62,23,1
MERCH_15806,F,1,2,1.55,11980.23,24,0
MERCH_15807,M,0,2,1.85,3042.1,31,1
MERCH_15808,F,0,3,2.24,1531.16,23,1
MERCH_15809,F,0,2,1.25,2596.38,34,1
MERCH_15810,F,2,1,0.84,7777.67,21,0
MERCH_15811,M,2,2,0.97,954.81,26,1
MERCH_15812,M,0,5,4.24,1197.77,7,1
MERCH_15813,F,0,4,2.41,1736.29,25,1
MERCH_15814,F,0,3,1.45,6398.56,3,1
MERCH_15815,F,1,2,0.98,29387.89,18,0
MERCH_15816,F,1,5,4.7,1948.52,6,1
MERCH_15817,F,0,1,0.74,4397.12,13,0
MERCH_15818,M,1,1,0.5,1750.92,2,0
MERCH_15819,F,0,6,3.29,8463.07,13,1
MERCH_15820,M,2,3,1.81,9960.62,1,0
MERCH_15821,F,1,3,1.29,6365.66,2,1
MERCH_15822,M,0,2,0.92,1724.07,4,0
MERCH_15823,M,1,1,0.82,7296.8,13,0
MERCH_15824,F,1,2,1.67,4019.25,30,1
MERCH_15825,F,0,6,5.66,1916.91,12,1
MERCH_15826,F,0,2,0.87,857.11,33,1
MERCH_15827,F,2,2,1.78,10952.04,34,0
MERCH_15828,F,0,2,1.15,1770.33,3,0
MERCH_15829,F,0,5,2.9,2725.46,9,1
MERCH_15830,M,0,3,1.41,5842.38,7,1
MERCH_15831,F,1,2,1.88,11952.59,4,0
MERCH_15832,M,1,3,2.82,3459.43,28,1
MERCH_15833,F,2,1,0.88,11200.02,32,1
MERCH_15834,M,1,1,0.45,8566.39,1,0
MERCH_15835,F,0,2,1.73,301.12,13,1
MERCH_15836,M,1,2,1.5,11361.67,26,1
MERCH_15837,F,1,4,1.88,7666.27,13,0
MERCH_15838,F,0,3,1.63,1643.14,22,1
MERCH_15839,F,0,6,4.67,4086.21,24,0
MERCH_15840,F,0,1,0.84,1301.64,11,1
MERCH_15841,F,1,2,1.73,11463.12,25,0
MERCH_15842,F,2,1,0.7,18052.69,15,0
MERCH_15843,F,1,0,0.0,2895.11,34,1
MERCH_15844,M,2,1,0.78,11030.12,34,0
MERCH_15845,F,0,7,5.79,112.13,32,1
MERCH_15846,F,2,1,0.49,6668.32,25,0
MERCH_15847,M,1,1,0.81,8801.97,3,0
MERCH_15848,F,0,5,2.94,1586.89,29,0
MERCH_15849,F,2,1,0.61,7135.4,21,1
MERCH_15850,F,0,2,0.89,1616.86,9,1
MERCH_15851,M,2,2,1.45,3033.01,21,0
MERCH_15852,M,2,2,0.9,13520.31,21,0
MERCH_15853,M,1,4,3.61,1818.33,7,1
MERCH_15854,F,1,1,0.74,9960.24,32,1
MERCH_15855,M,0,1,0.94,1819.41,22,1
MERCH_15856,F,1,1,0.54,7130.94,11,1
MERCH_15857,F,0,3,2.32,3194.61,34,1
MERCH_15858,F,1,0,0.0,16180.53,14,0
MERCH_15859,F,1,2,1.13,4803.26,22,0
MERCH_15860,F,2,1,0.45,2599.94,25,0
MERCH_15861,F,0,5,3.74,2498.43,16,1
MERCH_15862,F,1,1,0.6,7549.15,33,1
MERCH_15863,F,2,1,0.55,21016.64,2,0
MERCH_15864,M,1,1,0.95,2725.5,6,1
MERCH_15865,F,0,6,4.89,3970.17,34,1
MERCH_15866,M,0,5,3.33,3015.13,22,1
MERCH_15867,F,0,2,0.86,5110.28,16,1
MERCH_15868,M,1,2,1.01,2622.35,7,1
MERCH_15869,F,1,1,0.56,6935.02,13,0
MERCH_15870,F,2,3,2.0,17139.16,17,1
MERCH_15871,F,0,6,4.04,250.67,3,1
MERCH_15872,F,0,3,1.24,728.61,12,1
MERCH_15873,M,1,3,2.76,11427.46,6,0
MERCH_15874,F,1,3,2.1,1933.98,12,1
MERCH_15875,F,2,0,0.0,7353.71,11,0
MERCH_15876,M,1,3,2.36,3399.55,19,0
MERCH_15877,M,0,5,2.2,2942.79,31,1
MERCH_15878,F,1,1,0.8,24036.2,2,0
MERCH_15879,F,2,3,2.36,4134.85,32,1
MERCH_15880,F,0,4,3.77,1227.21,18,0
MERCH_15881,F,0,6,3.53,5442.36,4,1
MERCH_15882,F,0,3,1.44,936.68,22,1
MERCH_15883,M,0,2,0.9,670.17,14,1
MERCH_15884,F,1,1,0.44,3271.4,14,0
MERCH_15885,F,0,5,4.23,3503.35,29,0
MERCH_15886,F,0,5,3.98,1148.94,34,1
MERCH_15887,M,0,3,2.81,3071.33,6,0
MERCH_15888,M,1,1,0.57,11571.1,12,1
MERCH_15889,F,0,0,0.0,1869.54,24,1
MERCH_15890,M,1,3,1.35,5325.82,29,0
MERCH_15891,F,0,5,4.49,2322.8,10,0
MERCH_15892,F,0,3,1.29,8278.7,34,0
MERCH_15893,F,0,6,5.0,1588.31,32,1
MERCH_15894,F,0,10,5.69,2427.43,32,1
MERCH_15895,F,0,5,2.5,6948.53,15,1
MERCH_15896,M,0,6,4.72,7343.53,9,0
MERCH_15897,F,2,4,3.57,4403.78,22,1
MERCH_15898,M,1,1,0.82,2778.96,13,1
MERCH_15899,F,0,7,4.01,4568.17,14,1
MERCH_15900,F,0,3,1.78,2261.14,26,1
MERCH_15901,F,2,1,0.5,20427.73,25,0
MERCH_15902,F,1,0,0.0,1637.38,22,0
MERCH_15903,F,0,4,1.84,925.86,30,1
MERCH_15904,F,1,1,0.9,7390.76,13,0
MERCH_15905,F,1,1,0.73,8040.2,32,0
MERCH_15906,F,1,0,0.0,3839.53,19,1
MERCH_15907,M,0,6,5.16,2815.09,35,1
MERCH_15908,F,0,3,2.3,4800.71,29,1
MERCH_15909,F,0,2,1.13,2569.87,7,0
MERCH_15910,F,2,1,0.59,14201.15,35,0
MERCH_15911,M,1,0,0.0,5515.3,6,0
MERCH_15912,M,0,2,1.31,5209.16,14,0
MERCH_15913,F,2,2,0.92,10247.37,28,0
MERCH_15914,F,2,0,0.0,3203.32,1,1
MERCH_15915,F,2,0,0.0,10099.63,21,0
MERCH_15916,M,2,2,1.75,7323.66,27,1
MERCH_15917,M,2,3,2.36,8405.28,22,0
MERCH_15918,F,0,3,2.67,2423.26,11,1
MERCH_15919,F,1,1,0.45,4489.62,9,0
MERCH_15920,F,1,1,0.84,9185.77,10,0
MERCH_15921,M,0,1,0.88,2562.05,31,0
MERCH_15922,F,0,1,0.42,796.36,32,1
MERCH_15923,F,2,4,3.8,11024.44,31,1
MERCH_15924,F,0,5,2.83,397.14,8,0
MERCH_15925,M,2,0,0.0,12011.81,5,0
MERCH_15926,M,0,2,1.26,920.25,31,0
MERCH_15927,M,0,4,1.62,957.21,7,1
MERCH_15928,F,0,5,4.44,663.18,14,1
MERCH_15929,M,0,4,2.19,9752.89,25,1
MERCH_15930,F,1,3,2.06,17913.02,21,1
MERCH_15931,F,1,3,2.23,4582.14,29,1
MERCH_15932,F,0,6,5.01,2718.57,31,1
MERCH_15933,M,0,5,2.69,3565.87,4,1
MERCH_15934,F,0,7,5.56,1010.49,29,1
MERCH_15935,M,0,8,3.72,116.2,1,1
MERCH_15936,M,1,1,0.79,4589.18,32,1
MERCH_15937,F,0,5,4.53,786.95,1,0
MERCH_15938,F,0,4,1.79,1458.82,4,0
MERCH_15939,F,0,5,2.32,2694.24,20,1
MERCH_15940,F,0,4,2.83,395.39,14,1
MERCH_15941,F,0,3,1.28,2061.22,14,0
MERCH_15942,F,0,8,4.02,2192.96,2,1
MERCH_15943,M,2,3,1.51,9885.14,21,0
MERCH_15944,M,2,2,1.33,7855.06,29,0
MERCH_15945,F,1,3,1.61,8604.11,12,0
MERCH_15946,F,0,3,1.98,2342.4,18,1
MERCH_15947,F,0,4,2.75,3608.43,32,1
MERCH_15948,M,1,1,0.8,9671.26,22,0
MERCH_15949,M,1,2,1.84,1989.32,12,1
MERCH_15950,F,2,1,0.68,13873.07,21,0
MERCH_15951,F,0,0,0.0,2015.47,8,1
MERCH_15952,M,0,2,1.08,4942.56,28,1
MERCH_15953,F,1,4,3.0,8373.8,22,0
MERCH_15954,F,1,0,0.0,15026.8,16,0
MERCH_15955,F,1,0,0.0,12838.87,12,0
MERCH_15956,F,1,2,1.03,3289.7,17,0
MERCH_15957,F,2,2,1.78,3828.25,21,1
MERCH_15958,M,1,3,2.41,16604.81,7,0
MERCH_15959,M,2,2,0.94,11599.79,20,1
MERCH_15960,F,2,1,0.79,17265.16,13,0
MERCH_15961,M,1,3,1.68,2884.88,29,1
MERCH_15962,F,0,4,2.68,1645.92,8,1
MERCH_15963,M,0,5,2.83,2028.95,20,1
MERCH_15964,F,1,1,0.45,10002.63,10,1
MERCH_15965,M,0,2,1.65,1370.53,15,1
MERCH_15966,M,2,4,3.42,13719.28,12,0
MERCH_15967,F,0,5,2.64,2939.61,16,1
MERCH_15968,M,0,2,1.06,2940.16,8,0
MERCH_15969,M,1,2,1.27,9007.88,20,1
MERCH_15970,M,0,4,3.39,2012.49,14,1
MERCH_15971,F,0,4,1.77,3124.89,26,1
MERCH_15972,M,0,7,5.91,3727.77,29,1
MERCH_15973,M,1,2,1.81,5166.32,13,0
MERCH_15974,F,0,5,3.54,1371.71,34,1
MERCH_15975,M,2,2,0.87,6654.46,22,1
MERCH_15976,F,0,11,6.03,2236.21,26,1
MERCH_15977,F,2,2,0.92,12620.39,34,0
MERCH_15978,F,0,3,1.63,1790.12,24,1
MERCH_15979,F,0,2,1.69,4467.29,21,1
MERCH_15980,F,0,5,2.15,5122.18,31,1
MERCH_15981,F,0,4,2.22,2333.63,12,1
MERCH_15982,M,1,1,0.68,8659.15,24,1
MERCH_15983,F,0,5,4.4,4410.84,21,0
MERCH_15984,F,0,5,2.69,5651.12,4,1
MERCH_15985,F,1,5,4.14,7990.56,25,1
MERCH_15986,F,0,3,2.16,1435.76,8,1
MERCH_15987,M,0,4,3.09,4355.84,34,1
MERCH_15988,M,1,1,0.87,7093.39,27,0
MERCH_15989,M,2,4,1.66,3831.03,28,1
MERCH_15990,F,0,6,4.15,5669.41,29,1
MERCH_15991,F,0,7,5.68,3000.13,29,1
MERCH_15992,F,2,4,3.55,18183.06,10,0
MERCH_15993,F,0,6,2.84,4112.17,32,1
MERCH_15994,F,2,3,1.76,7260.78,8,0
MERCH_15995,M,0,3,1.33,4781.44,17,0
MERCH_15996,F,2,1,0.86,13118.26,12,0
MERCH_15997,M,0,3,2.61,1143.34,26,1
MERCH_15998,F,2,0,0.0,12154.01,3,0
MERCH_15999,F,0,4,1.65,7742.88,11,1
